日期,收市,開市,高,低,成交量,升跌（%）
2022年9月9日,"32,151.71","31,876.22","32,225.92","31,876.22",296.15M,1.19%
2022年9月8日,"31,773.80","31,481.95","31,781.21","31,322.23",321.04M,0.61%
2022年9月7日,"31,581.65","31,119.53","31,644.09","31,102.33",324.07M,1.39%
2022年9月6日,"31,148.07","31,407.33","31,462.99","31,050.26",323.25M,-0.55%
2022年9月2日,"31,318.84","31,848.50","32,026.46","31,182.49",292.98M,-1.07%
2022年9月1日,"31,657.14","31,454.58","31,677.16","31,219.75",328.97M,0.46%
2022年8月31日,"31,511.09","31,827.15","31,965.19","31,511.09",338.31M,-0.88%
2022年8月30日,"31,790.74","32,189.30","32,204.45","31,647.62",303.48M,-0.96%
2022年8月29日,"32,099.65","32,059.67","32,325.16","31,973.05",293.15M,-0.57%
2022年8月26日,"32,282.80","33,293.43","33,363.74","32,278.69",335.75M,-3.04%
2022年8月25日,"33,293.66","33,029.27","33,303.58","32,893.71",292.58M,0.98%
2022年8月24日,"32,970.71","32,899.01","33,095.24","32,832.03",244.74M,0.19%
2022年8月23日,"32,908.99","33,033.52","33,138.26","32,859.18",244.49M,-0.47%
2022年8月22日,"33,065.52","33,354.69","33,354.69","33,008.74",296.46M,-1.90%
2022年8月19日,"33,706.15","33,831.68","33,870.77","33,627.74",283.53M,-0.87%
2022年8月18日,"34,000.95","33,981.86","34,043.25","33,845.17",275.26M,0.06%
2022年8月17日,"33,980.72","34,029.55","34,160.84","33,828.41",272.57M,-0.50%
2022年8月16日,"34,152.04","33,924.35","34,281.16","33,852.57",276.91M,0.71%
2022年8月15日,"33,912.63","33,634.44","33,954.33","33,585.33",251.90M,0.45%
2022年8月12日,"33,761.11","33,430.72","33,765.02","33,398.32",286.95M,1.27%
2022年8月11日,"33,337.13","33,451.51","33,649.85","33,290.34",301.74M,0.08%
2022年8月10日,"33,309.45","33,130.63","33,364.17","33,130.63",298.56M,1.63%
2022年8月9日,"32,776.25","32,807.36","32,875.96","32,702.66",273.34M,-0.17%
2022年8月8日,"32,831.92","32,958.20","33,109.96","32,769.81",268.96M,0.09%
2022年8月5日,"32,801.51","32,513.99","32,813.44","32,489.62",267.68M,0.23%
2022年8月4日,"32,727.19","32,805.69","32,828.11","32,654.40",305.34M,-0.26%
2022年8月3日,"32,812.00","32,556.15","32,901.43","32,515.41",329.34M,1.28%
2022年8月2日,"32,396.76","32,673.44","32,772.93","32,388.30",307.90M,-1.23%
2022年8月1日,"32,799.18","32,755.71","32,971.43","32,642.38",311.91M,-0.14%
2022年7月29日,"32,846.45","32,515.62","32,906.21","32,495.87",464.21M,0.98%
2022年7月28日,"32,526.86","32,197.62","32,609.53","31,984.67",317.56M,1.03%
2022年7月27日,"32,196.00","31,891.33","32,334.95","31,803.94",355.80M,1.37%
2022年7月26日,"31,760.85","31,950.04","31,950.04","31,705.93",316.16M,-0.72%
2022年7月25日,"31,990.00","31,986.05","32,027.06","31,823.05",247.48M,0.28%
2022年7月22日,"31,900.61","32,167.92","32,219.25","31,731.47",311.11M,-0.43%
2022年7月21日,"32,036.77","31,826.49","32,040.63","31,535.24",292.81M,0.50%
2022年7月20日,"31,878.20","31,829.99","31,943.95","31,648.33",304.57M,0.17%
2022年7月19日,"31,824.71","31,165.91","31,842.25","31,165.91",366.26M,2.42%
2022年7月18日,"31,071.75","31,559.00","31,643.32","30,982.97",289.24M,-0.68%
2022年7月15日,"31,286.02","30,775.37","31,286.95","30,775.37",308.33M,2.14%
2022年7月14日,"30,630.01","30,451.80","30,679.11","30,145.31",313.90M,-0.46%
2022年7月13日,"30,771.54","30,743.63","30,977.52","30,515.34",279.11M,-0.69%
2022年7月12日,"30,985.02","31,113.31","31,346.10","30,860.83",315.33M,-0.61%
2022年7月11日,"31,175.52","31,183.56","31,367.29","31,114.40",232.43M,-0.52%
2022年7月8日,"31,339.20","31,348.43","31,509.74","31,213.83",229.51M,-0.14%
2022年7月7日,"31,383.89","31,190.65","31,421.71","31,155.92",282.02M,1.12%
2022年7月6日,"31,037.22","30,957.30","31,224.63","30,796.06",276.14M,0.23%
2022年7月5日,"30,967.45","30,701.12","30,971.74","30,355.33",302.40M,-0.42%
2022年7月1日,"31,097.46","30,740.97","31,139.01","30,488.06",294.20M,1.03%
2022年6月30日,"30,779.71","30,700.53","30,979.85","30,432.22",369.79M,-0.80%
2022年6月29日,"31,027.92","31,046.09","31,152.96","30,895.55",260.76M,0.26%
2022年6月28日,"30,947.78","31,549.05","31,885.09","30,934.70",336.42M,-1.56%
2022年6月27日,"31,439.58","31,565.07","31,598.49","31,352.50",285.35M,-0.20%
2022年6月24日,"31,503.71","30,881.77","31,513.93","30,881.77",398.11M,2.69%
2022年6月23日,"30,678.15","30,570.33","30,715.63","30,294.37",347.93M,0.64%
2022年6月22日,"30,481.88","30,352.57","30,777.92","30,174.02",327.81M,-0.16%
2022年6月21日,"30,531.77","30,074.69","30,653.71","30,074.69",345.14M,2.16%
2022年6月17日,"29,885.08","29,840.70","30,165.29","29,654.59",592.65M,-0.15%
2022年6月16日,"29,929.31","30,305.74","30,305.74","29,740.90",424.44M,-2.41%
2022年6月15日,"30,668.27","30,570.50","31,007.72","30,194.22",380.45M,1.00%
2022年6月14日,"30,365.95","30,594.91","30,686.51","30,144.95",349.99M,-0.50%
2022年6月13日,"30,518.06","31,144.91","31,144.91","30,374.78",455.14M,-2.79%
2022年6月10日,"31,392.36","32,053.52","32,053.52","31,387.84",349.39M,-2.73%
2022年6月9日,"32,271.80","32,828.62","32,955.72","32,270.29",276.62M,-1.94%
2022年6月8日,"32,910.38","33,087.07","33,156.50","32,824.37",258.83M,-0.81%
2022年6月7日,"33,179.81","32,783.03","33,205.03","32,644.04",261.78M,0.81%
2022年6月6日,"32,914.20","33,032.04","33,234.91","32,819.71",239.67M,0.05%
2022年6月3日,"32,898.91","33,001.38","33,135.61","32,840.11",281.87M,-1.05%
2022年6月2日,"33,248.02","32,809.01","33,248.02","32,512.06",325.45M,1.33%
2022年6月1日,"32,813.10","33,156.31","33,270.83","32,585.15",324.67M,-0.54%
2022年5月31日,"32,991.97","33,027.03","33,240.15","32,754.75",444.89M,-0.67%
2022年5月27日,"33,213.55","32,735.09","33,213.62","32,688.70",309.63M,1.76%
2022年5月26日,"32,638.44","32,263.33","32,773.26","32,263.33",338.95M,1.61%
2022年5月25日,"32,121.53","31,816.31","32,254.29","31,754.33",333.13M,0.60%
2022年5月24日,"31,931.06","31,717.61","32,014.86","31,367.33",373.85M,0.16%
2022年5月23日,"31,880.64","31,497.56","31,968.42","31,484.02",389.26M,1.98%
2022年5月20日,"31,260.58","31,426.94","31,514.07","30,635.76",479.03M,0.02%
2022年5月19日,"31,253.26","31,262.62","31,567.57","31,018.06",503.76M,-0.76%
2022年5月18日,"31,493.56","32,468.67","32,468.67","31,394.68",443.96M,-3.56%
2022年5月17日,"32,655.05","32,609.54","32,687.62","32,310.20",376.08M,1.34%
2022年5月16日,"32,224.01","32,152.15","32,513.25","31,932.06",315.86M,0.09%
2022年5月13日,"32,195.94","31,976.40","32,275.82","31,862.79",374.10M,1.47%
2022年5月12日,"31,730.04","31,699.04","31,907.70","31,231.27",525.90M,-0.33%
2022年5月11日,"31,834.37","32,123.24","32,584.02","31,799.54",433.75M,-1.01%
2022年5月10日,"32,160.74","32,504.09","32,752.17","31,887.89",440.67M,-0.26%
2022年5月9日,"32,245.70","32,685.17","32,685.17","32,121.98",475.11M,-1.99%
2022年5月6日,"32,899.37","32,773.88","33,055.84","32,474.69",418.14M,-0.30%
2022年5月5日,"32,997.97","33,854.17","33,854.17","32,685.10",448.42M,-3.12%
2022年5月4日,"34,061.06","33,171.80","34,117.74","33,021.84",412.37M,2.81%
2022年5月3日,"33,128.79","33,086.09","33,341.58","32,914.75",364.42M,0.20%
2022年5月2日,"33,061.50","32,978.49","33,224.95","32,449.87",453.39M,0.26%
2022年4月29日,"32,977.21","33,787.01","33,919.59","32,913.15",501.56M,-2.77%
2022年4月28日,"33,916.39","33,425.96","34,054.79","33,248.46",451.60M,1.85%
2022年4月27日,"33,301.93","33,450.92","33,697.18","33,108.89",456.29M,0.19%
2022年4月26日,"33,240.18","33,907.49","33,909.51","33,230.95",403.70M,-2.38%
2022年4月25日,"34,049.46","33,731.65","34,106.01","33,323.37",418.00M,0.70%
2022年4月22日,"33,811.40","34,727.38","34,727.38","33,773.39",373.28M,-2.82%
2022年4月21日,"34,792.76","35,258.80","35,492.22","34,723.82",371.92M,-1.05%
2022年4月20日,"35,160.79","34,962.67","35,315.40","34,962.67",338.74M,0.71%
2022年4月19日,"34,911.20","34,394.62","34,983.11","34,394.62",303.44M,1.45%
2022年4月18日,"34,411.69","34,411.49","34,618.29","34,279.08",268.82M,-0.11%
2022年4月14日,"34,451.23","34,628.46","34,889.17","34,437.50",353.68M,-0.33%
2022年4月13日,"34,564.59","34,166.64","34,598.36","34,140.64",313.63M,1.01%
2022年4月12日,"34,220.36","34,412.51","34,669.97","34,102.81",333.51M,-0.26%
2022年4月11日,"34,308.08","34,630.27","34,701.34","34,272.29",336.63M,-1.19%
2022年4月8日,"34,721.12","34,569.24","34,908.46","34,470.19",306.19M,0.40%
2022年4月7日,"34,583.57","34,439.24","34,705.83","34,190.95",324.81M,0.25%
2022年4月6日,"34,496.51","34,520.34","34,609.84","34,277.17",386.25M,-0.42%
2022年4月5日,"34,641.18","34,876.33","35,112.21","34,566.04",308.98M,-0.80%
2022年4月4日,"34,921.88","34,799.98","34,940.78","34,615.38",317.56M,0.30%
2022年4月1日,"34,818.27","34,740.89","34,847.91","34,538.25",346.81M,0.40%
2022年3月31日,"34,678.35","35,201.52","35,201.52","34,677.99",438.36M,-1.56%
2022年3月30日,"35,228.81","35,273.63","35,361.36","35,058.58",324.67M,-0.19%
2022年3月29日,"35,294.19","35,114.35","35,372.26","35,030.07",355.05M,0.97%
2022年3月28日,"34,955.89","34,833.03","34,957.93","34,552.23",302.86M,0.27%
2022年3月25日,"34,861.24","34,702.39","34,942.70","34,631.52",287.07M,0.44%
2022年3月24日,"34,707.94","34,406.81","34,713.56","34,355.42",324.87M,1.02%
2022年3月23日,"34,358.50","34,748.84","34,748.84","34,352.96",349.59M,-1.29%
2022年3月22日,"34,807.46","34,583.24","34,882.03","34,583.24",368.55M,0.74%
2022年3月21日,"34,552.99","34,669.85","34,808.28","34,341.81",408.49M,-0.58%
2022年3月18日,"34,754.93","34,466.72","34,755.20","34,279.83",627.89M,0.80%
2022年3月17日,"34,480.76","33,995.39","34,483.92","33,896.06",339.47M,1.23%
2022年3月16日,"34,063.10","33,653.93","34,075.94","33,391.24",430.18M,1.55%
2022年3月15日,"33,544.34","32,989.27","33,620.84","32,989.27",394.82M,1.82%
2022年3月14日,"32,945.24","33,000.37","33,395.59","32,818.16",401.15M,0.00%
2022年3月11日,"32,944.19","33,279.72","33,515.61","32,911.89",369.48M,-0.69%
2022年3月10日,"33,174.07","33,106.77","33,236.59","32,819.76",399.48M,-0.34%
2022年3月9日,"33,286.25","32,860.42","33,457.28","32,860.42",421.55M,2.00%
2022年3月8日,"32,632.64","32,885.17","33,402.98","32,578.73",553.75M,-0.56%
2022年3月7日,"32,817.38","33,579.75","33,579.75","32,806.15",493.67M,-2.37%
2022年3月4日,"33,614.80","33,655.43","33,655.43","33,254.12",412.93M,-0.53%
2022年3月3日,"33,794.66","33,972.87","34,179.07","33,641.53",369.87M,-0.29%
2022年3月2日,"33,891.35","33,379.51","34,013.67","33,379.51",402.81M,1.79%
2022年3月1日,"33,294.95","33,813.48","33,870.14","33,107.67",442.31M,-1.76%
2022年2月28日,"33,892.60","33,870.62","33,963.63","33,469.31",451.81M,-0.49%
2022年2月25日,"34,058.75","33,277.22","34,095.74","33,277.22",421.17M,2.51%
2022年2月24日,"33,223.83","32,830.33","33,269.34","32,272.64",593.19M,0.28%
2022年2月23日,"33,131.76","33,680.97","33,832.59","33,084.90",376.49M,-1.38%
2022年2月22日,"33,596.61","33,974.09","34,024.74","33,364.29",438.32M,-1.42%
2022年2月18日,"34,079.18","34,310.45","34,423.58","33,976.18",414.08M,-0.68%
2022年2月17日,"34,312.03","34,858.47","34,858.47","34,246.23",351.85M,-1.78%
2022年2月16日,"34,934.27","34,951.83","35,042.09","34,642.64",309.36M,-0.16%
2022年2月15日,"34,988.84","34,686.19","35,047.79","34,686.19",305.67M,1.22%
2022年2月14日,"34,566.17","34,694.50","34,744.56","34,304.28",373.41M,-0.49%
2022年2月11日,"34,738.06","35,267.89","35,431.15","34,620.52",410.40M,-1.43%
2022年2月10日,"35,241.59","35,630.81","35,800.24","35,100.72",416.71M,-1.47%
2022年2月9日,"35,768.06","35,614.90","35,824.28","35,614.90",339.61M,0.86%
2022年2月8日,"35,462.78","35,160.68","35,544.89","35,090.42",333.94M,1.06%
2022年2月7日,"35,091.13","35,108.38","35,325.01","34,993.98",328.91M,0.00%
2022年2月4日,"35,089.74","35,095.74","35,333.55","34,799.08",349.88M,-0.06%
2022年2月3日,"35,111.16","35,520.08","35,535.94","35,071.06",390.18M,-1.45%
2022年2月2日,"35,629.33","35,378.19","35,679.20","35,290.12",364.06M,0.63%
2022年2月1日,"35,405.24","35,151.47","35,441.09","34,977.95",394.90M,0.78%
2022年1月31日,"35,131.86","34,691.17","35,148.14","34,496.10",474.44M,1.17%
2022年1月28日,"34,725.47","34,135.24","34,731.77","33,807.51",568.44M,1.65%
2022年1月27日,"34,160.78","34,261.75","34,773.32","34,007.78",527.78M,-0.02%
2022年1月26日,"34,168.09","34,520.82","34,815.67","33,876.48",549.31M,-0.38%
2022年1月25日,"34,297.73","34,186.64","34,591.04","33,545.52",522.19M,-0.19%
2022年1月24日,"34,364.50","34,070.61","34,420.99","33,150.33",678.12M,0.29%
2022年1月21日,"34,265.37","34,701.69","34,896.67","34,229.55",523.88M,-1.30%
2022年1月20日,"34,715.39","35,102.66","35,490.20","34,670.12",369.07M,-0.89%
2022年1月19日,"35,028.65","35,412.30","35,547.83","35,015.49",393.08M,-0.96%
2022年1月18日,"35,368.47","35,661.76","35,661.76","35,262.02",427.26M,-1.51%
2022年1月14日,"35,911.81","35,996.43","35,996.43","35,641.49",396.47M,-0.56%
2022年1月13日,"36,113.62","36,312.49","36,513.88","36,044.22",349.74M,-0.49%
2022年1月12日,"36,290.32","36,336.16","36,453.49","36,168.15",317.86M,0.11%
2022年1月11日,"36,252.02","36,058.85","36,271.47","35,769.38",363.19M,0.51%
2022年1月10日,"36,068.87","36,175.21","36,175.21","35,639.91",440.30M,-0.45%
2022年1月7日,"36,231.66","36,249.59","36,382.84","36,111.53",361.42M,-0.01%
2022年1月6日,"36,236.47","36,409.05","36,464.19","36,200.68",390.19M,-0.47%
2022年1月5日,"36,407.11","36,722.60","36,952.65","36,400.39",468.46M,-1.07%
2022年1月4日,"36,799.65","36,636.00","36,934.84","36,636.00",435.08M,0.59%
2022年1月3日,"36,585.06","36,321.59","36,595.82","36,246.45",347.93M,0.68%
2021年12月31日,"36,338.30","36,385.85","36,484.94","36,303.97",218.21M,-0.16%
2021年12月30日,"36,398.08","36,522.48","36,679.44","36,372.13",207.64M,-0.25%
2021年12月29日,"36,488.63","36,421.14","36,571.55","36,396.19",214.40M,0.25%
2021年12月28日,"36,398.21","36,302.99","36,527.26","36,302.99",239.09M,0.26%
2021年12月27日,"36,302.38","35,954.48","36,306.61","35,954.48",250.26M,0.98%
2021年12月23日,"35,950.56","35,782.42","36,060.99","35,782.42",250.94M,0.55%
2021年12月22日,"35,753.89","35,491.71","35,764.67","35,433.13",290.73M,0.74%
2021年12月21日,"35,492.70","35,069.50","35,508.96","35,069.50",349.67M,1.60%
2021年12月20日,"34,932.16","35,222.12","35,222.12","34,665.50",388.89M,-1.23%
2021年12月17日,"35,365.44","35,800.11","35,800.11","35,284.26",760.83M,-1.48%
2021年12月16日,"35,897.64","36,036.28","36,189.83","35,778.21",482.77M,-0.08%
2021年12月15日,"35,927.43","35,549.35","35,943.84","35,389.30",432.38M,1.08%
2021年12月14日,"35,544.18","35,605.73","35,779.47","35,441.74",451.23M,-0.30%
2021年12月13日,"35,650.95","35,958.93","35,958.93","35,609.53",451.59M,-0.89%
2021年12月10日,"35,970.99","35,830.55","35,982.69","35,710.43",361.20M,0.60%
2021年12月9日,"35,754.69","35,722.26","35,864.24","35,577.14",353.02M,0.00%
2021年12月8日,"35,754.75","35,716.85","35,840.52","35,602.65",387.65M,0.10%
2021年12月7日,"35,719.43","35,423.99","35,819.47","35,423.99",482.89M,1.40%
2021年12月6日,"35,227.03","34,633.43","35,356.75","34,633.43",418.75M,1.87%
2021年12月3日,"34,580.08","34,692.78","34,801.31","34,264.57",444.85M,-0.17%
2021年12月2日,"34,639.79","34,076.25","34,759.65","34,076.25",470.58M,1.82%
2021年12月1日,"34,022.04","34,678.94","35,004.64","34,006.98",498.38M,-1.34%
2021年11月30日,"34,483.72","35,056.99","35,056.99","34,424.44",678.80M,-1.86%
2021年11月29日,"35,135.94","35,017.71","35,287.91","34,895.89",416.04M,0.68%
2021年11月26日,"34,899.34","35,366.69","35,366.69","34,749.80",325.39M,-2.53%
2021年11月24日,"35,804.38","35,752.31","35,825.47","35,591.03",287.94M,-0.03%
2021年11月23日,"35,813.80","35,619.92","35,841.52","35,542.87",392.52M,0.55%
2021年11月22日,"35,619.25","35,631.41","35,929.66","35,615.55",420.81M,0.05%
2021年11月19日,"35,601.98","35,879.09","35,879.09","35,555.37",414.65M,-0.75%
2021年11月18日,"35,870.95","35,901.69","35,952.63","35,654.39",435.08M,-0.17%
2021年11月17日,"35,931.05","36,159.70","36,159.70","35,909.48",358.31M,-0.58%
2021年11月16日,"36,142.22","36,076.18","36,316.61","36,076.18",311.90M,0.15%
2021年11月15日,"36,087.45","36,128.83","36,236.07","36,031.78",280.66M,-0.04%
2021年11月12日,"36,100.31","35,963.78","36,147.63","35,934.59",293.18M,0.50%
2021年11月11日,"35,921.23","36,038.78","36,108.17","35,915.27",270.32M,-0.44%
2021年11月10日,"36,079.94","36,299.25","36,346.61","36,009.50",283.52M,-0.66%
2021年11月9日,"36,319.98","36,404.53","36,416.98","36,173.07",258.02M,-0.31%
2021年11月8日,"36,432.22","36,416.46","36,565.73","36,334.42",288.40M,0.29%
2021年11月5日,"36,327.95","36,268.75","36,484.75","36,190.20",344.60M,0.56%
2021年11月4日,"36,124.23","36,107.46","36,168.03","35,986.48",309.99M,-0.09%
2021年11月3日,"36,157.58","36,059.09","36,178.51","35,891.73",262.54M,0.29%
2021年11月2日,"36,052.63","35,935.11","36,088.81","35,884.13",304.51M,0.39%
2021年11月1日,"35,913.84","35,833.65","36,009.74","35,797.97",295.48M,0.26%
2021年10月29日,"35,819.56","35,712.28","35,852.53","35,633.20",407.99M,0.25%
2021年10月28日,"35,730.48","35,545.41","35,742.25","35,545.41",348.43M,0.68%
2021年10月27日,"35,490.69","35,835.43","35,835.43","35,490.43",358.08M,-0.74%
2021年10月26日,"35,756.88","35,791.05","35,892.92","35,734.73",321.91M,0.04%
2021年10月25日,"35,741.15","35,692.62","35,787.04","35,629.37",270.41M,0.18%
2021年10月22日,"35,677.02","35,607.72","35,765.02","35,533.95",349.08M,0.21%
2021年10月21日,"35,603.08","35,520.32","35,612.36","35,442.53",302.12M,-0.02%
2021年10月20日,"35,609.34","35,475.16","35,669.69","35,465.71",267.33M,0.43%
2021年10月19日,"35,457.31","35,325.37","35,462.68","35,290.12",281.26M,0.56%
2021年10月18日,"35,258.61","35,221.02","35,327.57","35,035.94",323.09M,-0.10%
2021年10月15日,"35,294.76","35,023.63","35,320.97","35,023.63",327.87M,1.09%
2021年10月14日,"34,912.56","34,443.22","34,923.83","34,443.22",338.54M,1.56%
2021年10月13日,"34,377.81","34,372.71","34,449.83","34,115.10",319.45M,0.00%
2021年10月12日,"34,378.34","34,507.15","34,611.24","34,318.94",322.03M,-0.34%
2021年10月11日,"34,496.06","34,723.79","34,951.35","34,486.51",256.82M,-0.72%
2021年10月8日,"34,746.25","34,757.57","34,842.62","34,661.95",238.08M,-0.03%
2021年10月7日,"34,754.94","34,509.72","34,975.19","34,509.72",277.05M,0.98%
2021年10月6日,"34,416.99","34,198.96","34,432.68","33,854.69",323.37M,0.30%
2021年10月5日,"34,314.67","34,035.25","34,490.95","34,035.25",312.43M,0.92%
2021年10月4日,"34,002.92","34,312.96","34,410.28","33,821.58",400.19M,-0.94%
2021年10月1日,"34,326.46","33,930.70","34,490.56","33,785.54",429.16M,1.43%
2021年9月30日,"33,843.92","34,467.98","34,557.37","33,833.32",356.20M,-1.59%
2021年9月29日,"34,390.72","34,360.08","34,580.42","34,305.96",291.04M,0.26%
2021年9月28日,"34,299.99","34,747.70","34,798.21","34,254.65",380.22M,-1.63%
2021年9月27日,"34,869.37","34,739.27","35,061.12","34,739.27",292.80M,0.21%
2021年9月24日,"34,798.00","34,762.31","34,857.06","34,648.08",256.58M,0.10%
2021年9月23日,"34,764.82","34,296.30","34,879.78","34,296.30",285.87M,1.48%
2021年9月22日,"34,258.32","34,006.87","34,440.42","34,006.87",300.08M,1.00%
2021年9月21日,"33,919.84","34,025.61","34,313.88","33,914.02",307.98M,-0.15%
2021年9月20日,"33,970.47","34,459.72","34,459.72","33,613.03",441.65M,-1.78%
2021年9月17日,"34,584.88","34,737.86","34,779.86","34,519.63",577.97M,-0.48%
2021年9月16日,"34,751.32","34,810.27","34,943.55","34,540.11",279.31M,-0.18%
2021年9月15日,"34,814.39","34,580.95","34,880.77","34,522.03",324.98M,0.68%
2021年9月14日,"34,577.57","34,906.90","34,990.36","34,510.30",329.18M,-0.84%
2021年9月13日,"34,869.63","34,665.50","34,939.10","34,665.50",334.19M,0.76%
2021年9月10日,"34,607.72","34,949.59","35,104.25","34,599.61",333.23M,-0.78%
2021年9月9日,"34,879.38","35,013.08","35,199.89","34,847.30",262.38M,-0.43%
2021年9月8日,"35,031.07","35,087.45","35,175.15","34,925.61",261.88M,-0.20%
2021年9月7日,"35,100.00","35,373.24","35,373.24","35,060.90",290.73M,-0.76%
2021年9月3日,"35,369.09","35,401.73","35,422.71","35,269.40",223.39M,-0.21%
2021年9月2日,"35,443.82","35,353.06","35,475.40","35,348.48",265.18M,0.37%
2021年9月1日,"35,312.53","35,387.55","35,407.37","35,287.05",266.57M,-0.14%
2021年8月31日,"35,360.73","35,391.38","35,449.79","35,289.86",337.24M,-0.11%
2021年8月30日,"35,399.84","35,471.80","35,510.71","35,374.46",246.81M,-0.16%
2021年8月27日,"35,455.80","35,231.11","35,479.18","35,231.11",242.14M,0.69%
2021年8月26日,"35,213.12","35,449.68","35,498.45","35,205.10",239.93M,-0.54%
2021年8月25日,"35,405.50","35,388.77","35,501.14","35,287.63",239.71M,0.11%
2021年8月24日,"35,366.26","35,382.72","35,445.47","35,356.18",230.48M,0.09%
2021年8月23日,"35,335.71","35,160.97","35,428.91","35,160.97",250.96M,0.61%
2021年8月20日,"35,120.08","34,917.96","35,177.26","34,867.07",269.55M,0.65%
2021年8月19日,"34,894.12","34,874.67","34,997.81","34,690.25",335.05M,-0.19%
2021年8月18日,"34,960.69","35,310.20","35,356.80","34,943.41",291.06M,-1.08%
2021年8月17日,"35,343.28","35,500.01","35,500.01","35,120.31",310.15M,-0.79%
2021年8月16日,"35,625.40","35,490.83","35,631.19","35,231.87",294.01M,0.31%
2021年8月13日,"35,515.38","35,551.56","35,610.57","35,474.78",238.68M,0.04%
2021年8月12日,"35,499.85","35,481.94","35,510.77","35,352.53",236.16M,0.04%
2021年8月11日,"35,484.97","35,300.89","35,501.16","35,300.89",233.04M,0.62%
2021年8月10日,"35,264.67","35,135.17","35,285.16","35,091.91",255.24M,0.46%
2021年8月9日,"35,101.85","35,229.67","35,229.67","35,041.24",207.85M,-0.30%
2021年8月6日,"35,208.51","35,077.44","35,246.79","35,077.44",231.57M,0.41%
2021年8月5日,"35,064.25","34,815.61","35,067.54","34,815.61",217.39M,0.78%
2021年8月4日,"34,792.67","35,047.44","35,047.44","34,790.62",245.30M,-0.92%
2021年8月3日,"35,116.40","34,864.10","35,120.94","34,714.33",259.82M,0.80%
2021年8月2日,"34,838.16","34,968.56","35,192.11","34,808.20",244.89M,-0.28%
2021年7月30日,"34,935.47","35,013.26","35,106.30","34,871.13",281.14M,-0.42%
2021年7月29日,"35,084.53","34,985.99","35,171.52","34,985.99",223.67M,0.44%
2021年7月28日,"34,930.93","35,109.95","35,116.37","34,876.84",347.17M,-0.36%
2021年7月27日,"35,058.52","35,078.90","35,078.90","34,878.07",335.25M,-0.24%
2021年7月26日,"35,144.31","35,055.86","35,150.37","34,950.19",264.80M,0.24%
2021年7月23日,"35,061.55","34,855.11","35,095.33","34,855.11",315.06M,0.68%
2021年7月22日,"34,823.35","34,799.68","34,879.28","34,673.03",294.65M,0.07%
2021年7月21日,"34,798.00","34,556.96","34,820.24","34,556.96",327.19M,0.83%
2021年7月20日,"34,511.99","33,981.79","34,621.79","33,981.79",388.08M,1.62%
2021年7月19日,"33,962.04","34,528.48","34,528.48","33,741.76",450.16M,-2.09%
2021年7月16日,"34,687.85","35,007.94","35,090.01","34,647.82",328.98M,-0.86%
2021年7月15日,"34,987.02","34,924.81","34,990.41","34,762.87",320.45M,0.15%
2021年7月14日,"34,933.23","34,920.83","35,069.18","34,826.87",348.66M,0.13%
2021年7月13日,"34,888.79","34,959.96","35,018.79","34,876.89",323.68M,-0.31%
2021年7月12日,"34,996.18","34,836.75","35,014.90","34,730.15",302.28M,0.36%
2021年7月9日,"34,870.16","34,457.51","34,893.72","34,457.51",301.75M,1.30%
2021年7月8日,"34,421.93","34,569.01","34,569.01","34,145.59",335.76M,-0.75%
2021年7月7日,"34,681.79","34,604.17","34,708.78","34,435.59",305.38M,0.30%
2021年7月6日,"34,577.37","34,790.16","34,814.20","34,358.42",348.43M,-0.60%
2021年7月2日,"34,786.35","34,642.42","34,821.93","34,613.49",303.06M,0.44%
2021年7月1日,"34,633.53","34,507.32","34,640.28","34,498.85",269.31M,0.38%
2021年6月30日,"34,502.51","34,290.74","34,553.16","34,245.48",298.63M,0.61%
2021年6月29日,"34,292.29","34,338.89","34,469.83","34,266.83",288.65M,0.03%
2021年6月28日,"34,283.27","34,428.10","34,449.65","34,186.13",281.29M,-0.44%
2021年6月25日,"34,433.84","34,328.10","34,501.02","34,314.80",456.03M,0.69%
2021年6月24日,"34,196.82","33,933.91","34,233.02","33,933.91",279.38M,0.95%
2021年6月23日,"33,874.24","33,948.54","34,009.40","33,869.83",257.05M,-0.21%
2021年6月22日,"33,945.58","33,872.56","34,040.70","33,751.06",285.33M,0.20%
2021年6月21日,"33,876.97","33,312.07","33,908.09","33,312.07",324.44M,1.76%
2021年6月18日,"33,290.08","33,622.70","33,622.70","33,271.93",569.38M,-1.58%
2021年6月17日,"33,823.45","34,014.38","34,091.79","33,626.61",355.92M,-0.62%
2021年6月16日,"34,033.67","34,308.48","34,333.25","33,917.11",348.03M,-0.77%
2021年6月15日,"34,299.33","34,397.10","34,420.38","34,199.16",274.13M,-0.27%
2021年6月14日,"34,393.75","34,472.52","34,472.52","34,211.54",302.55M,-0.25%
2021年6月11日,"34,479.60","34,499.81","34,618.09","34,328.65",262.62M,0.04%
2021年6月10日,"34,466.24","34,502.51","34,737.79","34,447.25",310.88M,0.06%
2021年6月9日,"34,447.14","34,626.16","34,654.67","34,439.37",246.54M,-0.44%
2021年6月8日,"34,599.82","34,645.84","34,665.38","34,452.94",296.09M,-0.09%
2021年6月7日,"34,630.24","34,766.20","34,820.91","34,574.51",259.44M,-0.36%
2021年6月4日,"34,756.39","34,618.69","34,772.12","34,618.69",271.56M,0.52%
2021年6月3日,"34,577.04","34,550.31","34,667.41","34,334.41",299.74M,-0.07%
2021年6月2日,"34,600.38","34,614.62","34,706.65","34,545.96",265.16M,0.07%
2021年6月1日,"34,575.31","34,584.19","34,849.32","34,542.87",294.79M,0.13%
2021年5月28日,"34,529.45","34,558.50","34,631.11","34,520.09",290.85M,0.19%
2021年5月27日,"34,464.64","34,432.47","34,608.82","34,389.24",520.63M,0.41%
2021年5月26日,"34,323.05","34,336.34","34,409.59","34,271.44",259.81M,0.03%
2021年5月25日,"34,312.46","34,428.66","34,511.35","34,266.03",289.95M,-0.24%
2021年5月24日,"34,393.98","34,253.87","34,472.51","34,253.87",251.81M,0.54%
2021年5月21日,"34,207.84","34,121.91","34,415.48","34,121.91",308.84M,0.36%
2021年5月20日,"34,084.15","33,906.30","34,233.40","33,872.41",324.40M,0.55%
2021年5月19日,"33,896.04","33,945.81","33,945.81","33,473.80",354.00M,-0.48%
2021年5月18日,"34,060.66","34,351.18","34,408.99","34,044.10",301.78M,-0.78%
2021年5月17日,"34,327.79","34,375.29","34,383.84","34,176.65",293.36M,-0.16%
2021年5月14日,"34,382.13","34,050.86","34,454.05","34,050.86",307.38M,1.06%
2021年5月13日,"34,021.45","33,624.74","34,181.77","33,623.49",352.81M,1.29%
2021年5月12日,"33,587.66","34,206.40","34,207.87","33,555.22",383.58M,-1.99%
2021年5月11日,"34,269.16","34,572.74","34,572.74","34,075.31",413.18M,-1.36%
2021年5月10日,"34,742.82","34,785.27","35,091.56","34,741.57",370.04M,-0.10%
2021年5月7日,"34,777.76","34,578.27","34,811.39","34,464.31",311.63M,0.66%
2021年5月6日,"34,548.53","34,245.11","34,561.29","34,185.06",317.12M,0.93%
2021年5月5日,"34,230.34","34,163.99","34,331.20","34,039.66",255.81M,0.29%
2021年5月4日,"34,133.03","34,080.20","34,147.78","33,765.68",410.17M,0.06%
2021年5月3日,"34,113.23","33,904.89","34,221.06","33,904.89",291.34M,0.70%
2021年4月30日,"33,874.85","33,988.75","33,988.75","33,784.96",376.11M,-0.54%
2021年4月29日,"34,060.36","33,855.64","34,087.21","33,744.28",409.60M,0.71%
2021年4月28日,"33,820.38","33,860.46","33,946.60","33,805.56",353.02M,-0.48%
2021年4月27日,"33,984.93","33,932.13","34,043.98","33,870.46",294.95M,0.01%
2021年4月26日,"33,981.57","34,044.23","34,148.94","33,941.37",285.41M,-0.18%
2021年4月23日,"34,043.49","33,804.52","34,157.57","33,713.29",349.67M,0.67%
2021年4月22日,"33,815.90","34,109.88","34,126.57","33,717.19",346.58M,-0.94%
2021年4月21日,"34,137.31","33,808.30","34,160.34","33,773.80",293.51M,0.93%
2021年4月20日,"33,821.30","34,034.18","34,034.18","33,687.01",354.20M,-0.75%
2021年4月19日,"34,077.63","34,182.38","34,182.38","33,980.56",315.62M,-0.36%
2021年4月16日,"34,200.67","34,058.16","34,256.75","34,058.16",348.18M,0.48%
2021年4月15日,"34,035.99","33,788.53","34,068.73","33,788.53",321.83M,0.90%
2021年4月14日,"33,730.89","33,668.95","33,911.25","33,668.95",318.67M,0.16%
2021年4月13日,"33,677.27","33,721.16","33,741.64","33,545.84",330.00M,-0.20%
2021年4月12日,"33,745.40","33,775.06","33,786.19","33,665.54",329.02M,-0.16%
2021年4月9日,"33,800.60","33,526.19","33,810.87","33,526.19",317.82M,0.89%
2021年4月8日,"33,503.57","33,469.89","33,506.80","33,342.64",306.19M,0.17%
2021年4月7日,"33,446.26","33,444.98","33,521.76","33,347.96",279.88M,0.05%
2021年4月6日,"33,430.24","33,500.02","33,544.79","33,380.43",298.31M,-0.29%
2021年4月5日,"33,527.19","33,222.38","33,617.95","33,222.38",345.15M,1.13%
2021年4月1日,"33,153.21","33,054.58","33,167.17","32,985.35",318.34M,0.52%
2021年3月31日,"32,981.55","33,116.04","33,173.77","32,980.57",418.64M,-0.26%
2021年3月30日,"33,066.96","33,127.88","33,170.93","32,988.92",309.57M,-0.31%
2021年3月29日,"33,171.37","33,087.55","33,259.00","32,905.13",351.61M,0.30%
2021年3月26日,"33,072.88","32,681.07","33,098.83","32,681.07",383.45M,1.39%
2021年3月25日,"32,619.48","32,346.81","32,672.69","32,071.41",413.49M,0.62%
2021年3月24日,"32,420.06","32,470.88","32,787.99","32,418.15",405.06M,-0.01%
2021年3月23日,"32,423.15","32,691.50","32,753.77","32,356.28",388.13M,-0.94%
2021年3月22日,"32,731.20","32,601.82","32,810.35","32,512.53",384.32M,0.32%
2021年3月19日,"32,627.97","32,858.36","32,858.36","32,505.07",847.02M,-0.71%
2021年3月18日,"32,862.30","32,928.16","33,227.78","32,831.25",421.02M,-0.46%
2021年3月17日,"33,015.37","32,825.52","33,047.58","32,782.18",391.81M,0.58%
2021年3月16日,"32,825.95","32,966.75","32,966.75","32,778.23",387.91M,-0.39%
2021年3月15日,"32,953.46","32,798.84","32,973.40","32,629.75",362.08M,0.53%
2021年3月12日,"32,778.64","32,462.40","32,793.32","32,462.40",348.29M,0.90%
2021年3月11日,"32,485.59","32,354.50","32,661.59","32,345.70",402.40M,0.58%
2021年3月10日,"32,297.02","31,906.96","32,389.50","31,906.96",410.23M,1.46%
2021年3月9日,"31,832.74","31,892.35","32,150.32","31,822.64",463.74M,0.10%
2021年3月8日,"31,802.44","31,512.15","32,148.04","31,512.15",499.58M,0.97%
2021年3月5日,"31,496.30","31,029.18","31,580.33","30,766.81",505.35M,1.85%
2021年3月4日,"30,924.14","31,289.01","31,461.97","30,547.53",551.23M,-1.11%
2021年3月3日,"31,270.09","31,352.96","31,563.31","31,260.14",411.61M,-0.39%
2021年3月2日,"31,391.52","31,535.37","31,623.27","31,377.16",341.28M,-0.46%
2021年3月1日,"31,535.51","31,065.90","31,668.34","31,065.90",387.58M,1.95%
2021年2月26日,"30,932.37","31,401.29","31,450.89","30,911.37",538.91M,-1.50%
2021年2月25日,"31,402.01","31,955.94","31,984.77","31,293.32",458.96M,-1.75%
2021年2月24日,"31,961.86","31,499.75","32,009.64","31,421.29",413.35M,1.35%
2021年2月23日,"31,537.35","31,501.89","31,653.38","31,158.76",461.92M,0.05%
2021年2月22日,"31,521.69","31,381.12","31,653.48","31,286.57",389.68M,0.09%
2021年2月19日,"31,494.32","31,504.13","31,647.53","31,469.34",353.07M,0.00%
2021年2月18日,"31,493.34","31,558.60","31,558.60","31,285.32",325.99M,-0.38%
2021年2月17日,"31,613.02","31,485.61","31,643.70","31,338.76",345.86M,0.29%
2021年2月16日,"31,522.75","31,472.08","31,608.63","31,443.48",336.99M,0.20%
2021年2月12日,"31,458.40","31,420.80","31,475.31","31,347.80",266.37M,0.09%
2021年2月11日,"31,430.70","31,466.49","31,543.82","31,244.36",284.68M,-0.02%
2021年2月10日,"31,437.80","31,428.02","31,511.44","31,221.32",328.39M,0.20%
2021年2月9日,"31,375.83","31,359.88","31,439.47","31,245.86",310.14M,-0.03%
2021年2月8日,"31,385.76","31,191.20","31,386.10","31,191.20",328.41M,0.76%
2021年2月5日,"31,148.24","31,093.81","31,252.18","31,083.22",295.00M,0.30%
2021年2月4日,"31,055.86","30,737.78","31,065.96","30,737.78",341.49M,1.08%
2021年2月3日,"30,723.60","30,689.65","30,793.41","30,521.31",307.31M,0.12%
2021年2月2日,"30,687.48","30,276.88","30,840.54","30,276.88",338.17M,1.57%
2021年2月1日,"30,211.91","30,054.73","30,335.91","30,014.97",350.24M,0.76%
2021年1月29日,"29,982.62","30,553.91","30,553.91","29,856.30",538.04M,-2.03%
2021年1月28日,"30,603.36","30,377.19","30,951.41","30,377.19",467.34M,0.99%
2021年1月27日,"30,303.17","30,893.78","30,893.78","30,206.91",566.47M,-2.05%
2021年1月26日,"30,937.04","30,968.55","31,121.42","30,921.71",381.87M,-0.07%
2021年1月25日,"30,960.00","30,989.85","30,989.85","30,564.06",477.35M,-0.12%
2021年1月22日,"30,996.98","31,141.56","31,141.56","30,908.47",436.04M,-0.57%
2021年1月21日,"31,176.01","31,198.01","31,272.22","31,120.92",423.15M,-0.04%
2021年1月20日,"31,188.38","31,017.54","31,235.98","30,997.79",384.98M,0.83%
2021年1月19日,"30,930.52","30,887.42","31,086.62","30,865.03",387.75M,0.38%
2021年1月15日,"30,814.26","30,926.77","30,941.98","30,612.67",440.02M,-0.57%
2021年1月14日,"30,991.52","31,085.67","31,223.78","30,982.24",429.70M,-0.22%
2021年1月13日,"31,060.47","31,084.88","31,153.37","30,992.05",415.14M,-0.03%
2021年1月12日,"31,068.69","31,015.01","31,114.56","30,888.76",362.87M,0.19%
2021年1月11日,"31,008.69","31,015.37","31,096.98","30,832.06",363.79M,-0.29%
2021年1月8日,"31,097.97","31,069.58","31,140.67","30,793.27",385.65M,0.18%
2021年1月7日,"31,041.13","30,901.18","31,193.40","30,897.86",430.62M,0.69%
2021年1月6日,"30,829.40","30,362.78","31,022.65","30,313.07",500.43M,1.44%
2021年1月5日,"30,391.60","30,204.25","30,504.89","30,141.78",350.91M,0.55%
2021年1月4日,"30,223.89","30,627.47","30,674.28","29,881.82",476.73M,-1.25%
2020年12月31日,"30,606.48","30,417.64","30,637.47","30,344.50",287.06M,0.65%
2020年12月30日,"30,409.56","30,415.09","30,525.35","30,393.04",296.14M,0.24%
2020年12月29日,"30,335.67","30,492.07","30,588.79","30,274.24",358.87M,-0.22%
2020年12月28日,"30,403.97","30,283.23","30,525.56","30,283.23",303.08M,0.68%
2020年12月24日,"30,199.87","30,155.92","30,209.67","30,099.30",146.44M,0.23%
2020年12月23日,"30,129.83","30,046.73","30,292.53","30,046.73",275.38M,0.38%
2020年12月22日,"30,015.51","30,200.20","30,200.20","29,992.89",392.52M,-0.67%
2020年12月21日,"30,216.45","30,159.00","30,304.14","29,755.53",445.69M,0.12%
2020年12月18日,"30,179.05","30,314.26","30,343.59","30,029.44",798.23M,-0.41%
2020年12月17日,"30,303.37","30,216.00","30,323.78","30,216.00",345.53M,0.49%
2020年12月16日,"30,154.54","30,191.38","30,236.03","30,080.11",349.54M,-0.15%
2020年12月15日,"30,199.31","29,919.09","30,243.26","29,894.95",419.48M,1.13%
2020年12月14日,"29,861.55","30,123.91","30,325.79","29,849.15",371.98M,-0.62%
2020年12月11日,"30,046.37","29,988.21","30,071.13","29,820.84",396.01M,0.16%
2020年12月10日,"29,999.26","30,032.55","30,063.87","29,876.82",326.93M,-0.23%
2020年12月9日,"30,068.81","30,229.81","30,319.70","29,951.85",383.74M,-0.35%
2020年12月8日,"30,173.88","29,997.95","30,246.22","29,972.07",314.83M,0.35%
2020年12月7日,"30,069.79","30,233.03","30,233.03","29,967.22",370.58M,-0.49%
2020年12月4日,"30,218.26","29,989.56","30,218.26","29,989.56",363.09M,0.83%
2020年12月3日,"29,969.52","29,920.83","30,110.88","29,877.27",408.41M,0.29%
2020年12月2日,"29,883.79","29,695.09","29,902.51","29,599.29",389.33M,0.20%
2020年12月1日,"29,823.92","29,797.50","30,083.31","29,797.50",435.44M,0.63%
2020年11月30日,"29,638.64","29,854.51","29,854.51","29,463.64",561.21M,-0.91%
2020年11月27日,"29,910.37","29,911.33","30,015.13","29,819.98",178.10M,0.13%
2020年11月25日,"29,872.47","30,058.87","30,058.87","29,806.25",324.19M,-0.58%
2020年11月24日,"30,046.24","29,746.11","30,116.51","29,746.11",436.45M,1.54%
2020年11月23日,"29,591.27","29,332.82","29,667.75","29,332.82",389.02M,1.12%
2020年11月20日,"29,263.48","29,437.57","29,469.89","29,231.20",308.74M,-0.75%
2020年11月19日,"29,483.23","29,370.92","29,524.90","29,228.38",333.16M,0.15%
2020年11月18日,"29,438.42","29,875.40","29,930.85","29,432.84",384.89M,-1.16%
2020年11月17日,"29,783.35","29,800.15","29,872.42","29,520.29",376.14M,-0.56%
2020年11月16日,"29,950.44","29,672.36","29,964.29","29,672.36",420.76M,1.60%
2020年11月13日,"29,479.81","29,203.90","29,559.25","29,203.90",348.81M,1.37%
2020年11月12日,"29,080.17","29,231.91","29,311.83","28,902.13",372.87M,-1.08%
2020年11月11日,"29,397.63","29,524.35","29,593.11","29,281.22",376.70M,-0.08%
2020年11月10日,"29,420.92","29,254.17","29,478.86","29,126.99",526.98M,0.90%
2020年11月9日,"29,157.97","29,467.90","29,933.83","29,130.66",680.57M,2.95%
2020年11月6日,"28,323.40","28,399.13","28,431.96","28,189.50",328.58M,-0.24%
2020年11月5日,"28,390.18","28,083.37","28,495.05","28,083.37",391.73M,1.95%
2020年11月4日,"27,847.66","27,512.83","28,301.50","27,512.83",449.89M,1.34%
2020年11月3日,"27,480.03","27,138.69","27,640.21","27,138.69",353.35M,2.06%
2020年11月2日,"26,925.05","26,691.28","27,043.48","26,691.28",382.27M,1.60%
2020年10月30日,"26,501.60","26,572.27","26,639.18","26,143.77",506.32M,-0.59%
2020年10月29日,"26,659.11","26,480.98","26,891.89","26,290.78",434.01M,0.52%
2020年10月28日,"26,519.95","27,102.14","27,102.14","26,497.39",499.63M,-3.43%
2020年10月27日,"27,463.19","27,651.18","27,707.69","27,457.96",372.48M,-0.80%
2020年10月26日,"27,685.38","28,185.82","28,185.82","27,370.16",407.04M,-2.29%
2020年10月23日,"28,335.57","28,409.65","28,436.52","28,149.82",350.10M,-0.10%
2020年10月22日,"28,363.66","28,197.42","28,421.31","28,040.18",334.39M,0.54%
2020年10月21日,"28,210.82","28,270.66","28,450.64","28,196.39",301.11M,-0.35%
2020年10月20日,"28,308.79","28,245.85","28,575.03","28,243.04",351.45M,0.40%
2020年10月19日,"28,195.42","28,633.55","28,711.93","28,139.40",360.92M,-1.44%
2020年10月16日,"28,606.31","28,570.72","28,842.90","28,570.72",358.95M,0.39%
2020年10月15日,"28,494.20","28,323.40","28,535.85","28,181.54",330.13M,-0.07%
2020年10月14日,"28,514.00","28,731.30","28,792.56","28,461.73",372.48M,-0.58%
2020年10月13日,"28,679.81","28,764.95","28,808.84","28,604.35",528.27M,-0.55%
2020年10月12日,"28,837.52","28,671.12","28,957.90","28,659.67",493.68M,0.88%
2020年10月9日,"28,586.90","28,533.61","28,676.29","28,440.63",326.48M,0.57%
2020年10月8日,"28,425.51","28,348.86","28,459.13","28,265.56",315.83M,0.43%
2020年10月7日,"28,303.46","27,971.36","28,369.66","27,971.36",330.19M,1.91%
2020年10月6日,"27,772.76","28,214.24","28,354.48","27,728.03",438.44M,-1.34%
2020年10月5日,"28,148.64","27,825.42","28,162.64","27,825.42",322.53M,1.68%
2020年10月2日,"27,682.81","27,536.39","27,861.43","27,382.94",395.82M,-0.48%
2020年10月1日,"27,816.90","27,940.63","28,041.46","27,669.26",375.65M,0.13%
2020年9月30日,"27,781.70","27,514.64","28,026.33","27,511.06",455.15M,1.20%
2020年9月29日,"27,452.66","27,560.24","27,605.60","27,338.09",306.70M,-0.48%
2020年9月28日,"27,584.06","27,362.14","27,722.60","27,362.14",405.06M,1.51%
2020年9月25日,"27,173.96","26,694.51","27,239.29","26,635.38",391.73M,1.34%
2020年9月24日,"26,815.44","26,716.09","27,094.85","26,537.01",448.78M,0.20%
2020年9月23日,"26,763.13","27,413.60","27,464.46","26,716.12",463.20M,-1.92%
2020年9月22日,"27,288.18","27,170.34","27,333.09","26,989.93",423.33M,0.52%
2020年9月21日,"27,147.70","27,484.71","27,484.71","26,715.15",523.66M,-1.84%
2020年9月18日,"27,657.42","27,864.87","27,946.69","27,487.97",703.89M,-0.88%
2020年9月17日,"27,901.98","27,834.18","28,056.79","27,647.93",439.89M,-0.47%
2020年9月16日,"28,032.38","28,031.69","28,364.77","28,021.67",416.65M,0.13%
2020年9月15日,"27,995.60","28,139.76","28,231.06","27,931.45",418.89M,0.01%
2020年9月14日,"27,993.33","27,718.74","28,086.06","27,718.74",384.09M,1.18%
2020年9月11日,"27,665.64","27,613.86","27,828.82","27,448.15",437.53M,0.48%
2020年9月10日,"27,534.58","28,022.51","28,174.78","27,447.08",447.59M,-1.45%
2020年9月9日,"27,940.47","27,711.71","28,206.21","27,704.54",467.06M,1.60%
2020年9月8日,"27,500.89","27,925.23","27,925.23","27,464.90",587.16M,-2.25%
2020年9月4日,"28,133.31","28,341.05","28,539.75","27,664.68",700.49M,-0.56%
2020年9月3日,"28,292.73","29,090.70","29,199.35","28,074.76",658.29M,-2.78%
2020年9月2日,"29,100.50","28,736.79","29,162.88","28,713.53",542.54M,1.59%
2020年9月1日,"28,645.66","28,439.61","28,659.26","28,290.72",428.66M,0.76%
2020年8月31日,"28,430.05","28,643.66","28,643.66","28,363.55",519.82M,-0.78%
2020年8月28日,"28,653.87","28,601.29","28,733.35","28,487.98",373.80M,0.57%
2020年8月27日,"28,492.27","28,384.07","28,634.22","28,363.93",405.09M,0.57%
2020年8月26日,"28,331.92","28,257.88","28,353.80","28,153.91",328.80M,0.30%
2020年8月25日,"28,248.44","28,347.42","28,400.74","28,094.57",341.13M,-0.21%
2020年8月24日,"28,308.46","28,077.58","28,314.94","28,041.75",385.44M,1.35%
2020年8月21日,"27,930.33","27,758.13","27,959.48","27,686.78",374.34M,0.69%
2020年8月20日,"27,739.73","27,622.68","27,781.46","27,526.25",306.05M,0.17%
2020年8月19日,"27,692.88","27,811.26","27,920.42","27,647.67",312.95M,-0.31%
2020年8月18日,"27,778.07","27,853.48","27,891.12","27,668.79",277.12M,-0.24%
2020年8月17日,"27,844.91","27,970.05","27,999.81","27,816.40",291.99M,-0.31%
2020年8月14日,"27,931.02","27,828.93","27,977.81","27,759.39",276.73M,0.12%
2020年8月13日,"27,896.72","27,922.51","27,986.10","27,789.78",364.41M,-0.29%
2020年8月12日,"27,976.84","27,860.24","28,043.89","27,843.32",342.07M,1.05%
2020年8月11日,"27,686.91","27,961.64","28,154.88","27,624.51",430.09M,-0.38%
2020年8月10日,"27,791.44","27,488.21","27,803.86","27,488.21",362.50M,1.30%
2020年8月7日,"27,433.48","27,321.68","27,456.24","27,223.55",324.93M,0.17%
2020年8月6日,"27,386.98","27,170.82","27,394.10","27,145.25",323.72M,0.68%
2020年8月5日,"27,201.52","26,924.78","27,221.67","26,924.78",369.98M,1.39%
2020年8月4日,"26,828.47","26,664.61","26,832.72","26,597.82",355.46M,0.62%
2020年8月3日,"26,664.40","26,542.32","26,707.26","26,534.38",439.38M,0.89%
2020年7月31日,"26,428.32","26,409.33","26,440.02","26,013.59",491.37M,0.44%
2020年7月30日,"26,313.65","26,367.42","26,374.93","25,992.28",358.29M,-0.85%
2020年7月29日,"26,539.57","26,388.44","26,602.45","26,375.39",347.58M,0.61%
2020年7月28日,"26,379.28","26,529.45","26,556.84","26,361.71",362.40M,-0.77%
2020年7月27日,"26,584.77","26,447.67","26,625.46","26,426.92",400.93M,0.43%
2020年7月24日,"26,469.89","26,533.41","26,625.70","26,402.86",497.97M,-0.68%
2020年7月23日,"26,652.33","26,955.97","26,973.85","26,560.04",426.56M,-1.31%
2020年7月22日,"27,005.84","26,824.56","27,035.24","26,794.19",410.82M,0.62%
2020年7月21日,"26,840.40","26,833.14","27,025.38","26,766.22",367.24M,0.60%
2020年7月20日,"26,680.87","26,660.29","26,765.02","26,504.20",312.07M,0.03%
2020年7月17日,"26,671.95","26,774.62","26,808.43","26,619.88",300.52M,-0.23%
2020年7月16日,"26,734.71","26,746.57","26,879.16","26,590.01",288.04M,-0.50%
2020年7月15日,"26,870.10","27,009.81","27,071.33","26,692.48",388.26M,0.85%
2020年7月14日,"26,642.59","26,044.17","26,690.52","25,994.98",407.34M,2.13%
2020年7月13日,"26,085.80","26,225.07","26,639.09","26,044.23",428.57M,0.04%
2020年7月10日,"26,075.30","25,690.35","26,101.32","25,637.50",337.36M,1.44%
2020年7月9日,"25,706.09","26,094.92","26,103.28","25,523.51",389.18M,-1.39%
2020年7月8日,"26,067.28","25,950.06","26,109.49","25,816.25",337.30M,0.68%
2020年7月7日,"25,890.18","26,172.01","26,174.93","25,866.58",349.00M,-1.51%
2020年7月6日,"26,287.03","25,996.08","26,297.53","25,996.08",342.26M,1.78%
2020年7月2日,"25,827.36","25,936.45","26,204.41","25,778.12",350.29M,0.36%
2020年7月1日,"25,734.97","25,879.38","26,019.31","25,713.61",373.98M,-0.30%
2020年6月30日,"25,812.88","25,512.43","25,905.38","25,475.14",412.69M,0.85%
2020年6月29日,"25,595.80","25,152.45","25,601.15","25,096.16",385.13M,2.32%
2020年6月26日,"25,015.55","25,641.69","25,641.69","24,971.03",676.18M,-2.84%
2020年6月25日,"25,745.60","25,365.22","25,769.61","25,209.79",388.07M,1.18%
2020年6月24日,"25,445.94","25,992.96","25,992.96","25,296.73",452.53M,-2.72%
2020年6月23日,"26,156.10","26,159.39","26,314.97","26,105.97",392.16M,0.50%
2020年6月22日,"26,024.96","25,865.08","26,059.81","25,667.68",353.01M,0.59%
2020年6月19日,"25,871.46","26,213.10","26,451.44","25,759.66",681.89M,-0.80%
2020年6月18日,"26,080.10","26,016.45","26,154.20","25,848.53",330.07M,-0.15%
2020年6月17日,"26,119.61","26,330.52","26,400.07","26,068.41",330.57M,-0.65%
2020年6月16日,"26,289.98","26,326.68","26,611.03","25,811.70",493.36M,2.04%
2020年6月15日,"25,763.16","25,270.39","25,891.58","24,843.18",463.13M,0.62%
2020年6月12日,"25,605.54","25,659.42","25,965.55","25,078.41",521.19M,1.90%
2020年6月11日,"25,128.17","26,282.51","26,294.08","25,082.72",651.47M,-6.90%
2020年6月10日,"26,989.99","27,251.89","27,355.22","26,938.05",449.99M,-1.04%
2020年6月9日,"27,272.30","27,447.37","27,447.37","27,151.06",388.25M,-1.09%
2020年6月8日,"27,572.44","27,232.93","27,580.21","27,232.48",433.34M,1.70%
2020年6月5日,"27,110.98","26,836.80","27,338.30","26,836.80",544.41M,3.15%
2020年6月4日,"26,281.82","26,226.49","26,384.10","26,082.31",375.55M,0.05%
2020年6月3日,"26,269.89","25,906.88","26,337.75","25,906.88",401.27M,2.05%
2020年6月2日,"25,742.65","25,582.52","25,743.13","25,523.74",355.24M,1.05%
2020年6月1日,"25,475.02","25,342.99","25,508.83","25,220.66",341.22M,0.36%
2020年5月29日,"25,383.11","25,324.15","25,482.80","25,031.67",545.14M,-0.07%
2020年5月28日,"25,400.64","25,697.36","25,758.79","25,358.73",378.40M,-0.58%
2020年5月27日,"25,548.27","25,298.63","25,551.56","25,009.87",420.36M,2.21%
2020年5月26日,"24,995.11","24,781.84","25,176.42","24,781.84",426.29M,2.17%
2020年5月22日,"24,465.16","24,461.98","24,481.64","24,294.07",255.66M,-0.04%
2020年5月21日,"24,474.12","24,564.27","24,718.46","24,370.88",348.84M,-0.41%
2020年5月20日,"24,575.90","24,455.94","24,649.48","24,455.94",371.93M,1.52%
2020年5月19日,"24,206.86","24,577.48","24,599.50","24,202.96",376.92M,-1.59%
2020年5月18日,"24,597.37","24,059.98","24,708.54","24,059.98",484.19M,3.85%
2020年5月15日,"23,685.42","23,454.83","23,730.08","23,354.15",495.18M,0.25%
2020年5月14日,"23,625.34","23,049.06","23,630.86","22,789.62",476.98M,1.62%
2020年5月13日,"23,247.97","23,702.16","23,708.90","23,067.64",473.32M,-2.17%
2020年5月12日,"23,764.78","24,292.84","24,382.09","23,761.58",361.56M,-1.89%
2020年5月11日,"24,221.99","24,256.45","24,366.21","24,070.22",356.51M,-0.45%
2020年5月8日,"24,331.32","24,107.82","24,349.90","24,107.05",337.34M,1.91%
2020年5月7日,"23,875.89","23,837.21","24,094.62","23,834.39",371.68M,0.89%
2020年5月6日,"23,664.64","23,978.88","24,054.59","23,661.14",379.91M,-0.91%
2020年5月5日,"23,883.09","23,958.88","24,169.72","23,868.91",374.49M,0.56%
2020年5月4日,"23,749.76","23,581.55","23,769.56","23,361.16",358.39M,0.11%
2020年5月1日,"23,723.69","24,120.78","24,120.78","23,645.30",421.59M,-2.55%
2020年4月30日,"24,345.72","24,585.57","24,585.57","24,186.90",487.84M,-1.17%
2020年4月29日,"24,633.86","24,490.37","24,764.77","24,453.99",462.48M,2.21%
2020年4月28日,"24,101.55","24,357.17","24,512.24","24,031.20",405.71M,-0.13%
2020年4月27日,"24,133.78","23,866.15","24,207.65","23,840.61",391.02M,1.51%
2020年4月24日,"23,775.27","23,628.24","23,826.00","23,417.68",379.31M,1.11%
2020年4月23日,"23,515.26","23,543.09","23,885.36","23,483.35",393.57M,0.17%
2020年4月22日,"23,475.82","23,437.34","23,613.10","23,339.60",356.39M,1.99%
2020年4月21日,"23,018.88","23,365.25","23,365.25","22,941.88",487.65M,-2.67%
2020年4月20日,"23,650.44","24,095.10","24,108.69","23,627.19",427.35M,-2.44%
2020年4月17日,"24,242.49","23,817.15","24,264.21","23,817.15",530.28M,2.99%
2020年4月16日,"23,537.68","23,543.66","23,598.08","23,211.38",478.62M,0.14%
2020年4月15日,"23,504.35","23,600.72","23,649.72","23,233.32",442.15M,-1.86%
2020年4月14日,"23,949.76","23,690.57","24,040.58","23,683.44",487.96M,2.39%
2020年4月13日,"23,390.77","23,698.93","23,698.93","23,095.35",396.56M,-1.39%
2020年4月9日,"23,719.37","23,690.66","24,008.99","23,504.09",568.72M,1.22%
2020年4月8日,"23,433.57","22,893.47","23,513.40","22,682.99",476.09M,3.44%
2020年4月7日,"22,653.86","23,537.44","23,617.24","22,634.45",595.87M,-0.12%
2020年4月6日,"22,679.99","21,693.63","22,783.45","21,693.63",614.20M,7.73%
2020年4月3日,"21,052.53","21,285.93","21,447.81","20,863.09",451.62M,-1.69%
2020年4月2日,"21,413.44","20,819.46","21,477.77","20,735.02",534.67M,2.24%
2020年4月1日,"20,943.51","21,227.38","21,487.24","20,784.43",508.31M,-4.44%
2020年3月31日,"21,917.16","22,208.42","22,480.37","21,852.08",573.59M,-1.84%
2020年3月30日,"22,327.48","21,678.22","22,378.09","21,522.08",546.85M,3.19%
2020年3月27日,"21,636.78","21,898.47","22,327.57","21,469.27",591.33M,-4.06%
2020年3月26日,"22,552.17","21,468.38","22,595.06","21,427.10",713.73M,6.38%
2020年3月25日,"21,200.55","21,050.34","22,019.93","20,538.34",803.31M,2.39%
2020年3月24日,"20,704.91","19,722.19","20,737.70","19,649.25",808.47M,11.37%
2020年3月23日,"18,591.93","19,028.36","19,121.01","18,213.65",801.24M,-3.04%
2020年3月20日,"19,173.98","20,253.15","20,531.26","19,094.27",872.29M,-4.55%
2020年3月19日,"20,087.19","19,830.01","20,442.63","19,177.13",795.80M,0.95%
2020年3月18日,"19,898.92","20,188.69","20,489.33","18,917.46",874.09M,-6.30%
2020年3月17日,"21,237.38","20,487.05","21,379.35","19,882.26",795.84M,5.20%
2020年3月16日,"20,188.52","20,917.53","21,768.28","20,116.46",775.91M,-12.93%
2020年3月13日,"23,185.62","21,973.82","23,189.76","21,285.37",843.08M,9.36%
2020年3月12日,"21,200.62","22,184.71","22,837.95","21,154.46",911.77M,-9.99%
2020年3月11日,"23,553.22","24,604.63","24,604.63","23,328.32",663.96M,-5.86%
2020年3月10日,"25,018.16","24,453.00","25,020.99","23,690.34",654.86M,4.89%
2020年3月9日,"23,851.02","24,992.36","24,992.36","23,706.07",750.43M,-7.79%
2020年3月6日,"25,864.78","25,457.21","25,994.38","25,226.62",601.01M,-0.98%
2020年3月5日,"26,121.28","26,671.92","26,671.92","25,943.33",477.37M,-3.58%
2020年3月4日,"27,090.86","26,383.68","27,102.34","26,286.31",457.59M,4.53%
2020年3月3日,"25,917.41","26,762.47","27,084.59","25,706.28",647.08M,-2.94%
2020年3月2日,"26,703.32","25,590.51","26,706.17","25,391.96",637.20M,5.09%
2020年2月28日,"25,409.36","25,270.83","25,494.24","24,681.01",922.68M,-1.39%
2020年2月27日,"25,766.64","26,526.00","26,775.31","25,752.82",670.37M,-4.42%
2020年2月26日,"26,957.59","27,159.46","27,542.78","26,890.97",477.57M,-0.46%
2020年2月25日,"27,081.36","28,037.65","28,149.20","26,997.62",513.27M,-3.15%
2020年2月24日,"27,960.80","28,402.93","28,402.93","27,912.44",458.71M,-3.56%
2020年2月21日,"28,992.41","29,146.53","29,146.53","28,892.70",313.44M,-0.78%
2020年2月20日,"29,219.98","29,296.25","29,368.45","28,959.65",289.07M,-0.44%
2020年2月19日,"29,348.03","29,312.70","29,409.09","29,274.38",242.65M,0.40%
2020年2月18日,"29,232.19","29,282.78","29,330.16","29,116.81",264.16M,-0.56%
2020年2月14日,"29,398.08","29,440.47","29,463.04","29,283.18",232.55M,-0.09%
2020年2月13日,"29,423.31","29,436.03","29,535.40","29,345.93",294.36M,-0.43%
2020年2月12日,"29,551.42","29,406.75","29,568.57","29,406.75",309.53M,0.94%
2020年2月11日,"29,276.34","29,390.71","29,415.39","29,210.47",281.85M,0.00%
2020年2月10日,"29,276.82","28,995.66","29,278.07","28,995.66",257.46M,0.60%
2020年2月7日,"29,102.51","29,286.92","29,286.92","29,056.98",253.87M,-0.94%
2020年2月6日,"29,379.77","29,388.58","29,408.05","29,246.93",263.70M,0.30%
2020年2月5日,"29,290.85","29,048.73","29,308.89","29,000.85",357.54M,1.68%
2020年2月4日,"28,807.63","28,696.74","28,904.88","28,696.74",332.75M,1.44%
2020年2月3日,"28,399.81","28,319.65","28,630.39","28,319.65",315.50M,0.51%
2020年1月31日,"28,256.03","28,813.04","28,813.04","28,169.53",403.89M,-2.09%
2020年1月30日,"28,859.44","28,640.16","28,879.71","28,489.76",326.85M,0.43%
2020年1月29日,"28,734.45","28,820.53","28,944.24","28,728.19",305.93M,0.04%
2020年1月28日,"28,722.85","28,594.28","28,823.23","28,575.75",352.94M,0.66%
2020年1月27日,"28,535.80","28,542.49","28,671.79","28,440.47",337.27M,-1.57%
2020年1月24日,"28,989.73","29,230.39","29,288.79","28,843.31",380.01M,-0.58%
2020年1月23日,"29,160.09","29,111.02","29,190.47","28,966.98",307.06M,-0.09%
2020年1月22日,"29,186.27","29,263.63","29,320.20","29,172.26",283.44M,-0.03%
2020年1月21日,"29,196.04","29,269.05","29,341.21","29,146.47",320.64M,-0.52%
2020年1月17日,"29,348.10","29,313.31","29,373.62","29,289.91",336.87M,0.17%
2020年1月16日,"29,297.64","29,131.95","29,300.32","29,131.95",252.11M,0.92%
2020年1月15日,"29,030.22","28,901.80","29,127.59","28,897.35",263.43M,0.31%
2020年1月14日,"28,939.67","28,895.50","29,054.16","28,872.27",296.04M,0.11%
2020年1月13日,"28,907.05","28,869.01","28,909.91","28,819.43",263.02M,0.29%
2020年1月10日,"28,823.77","28,977.52","29,009.07","28,789.10",239.17M,-0.46%
2020年1月9日,"28,956.90","28,851.97","28,988.01","28,844.31",282.85M,0.74%
2020年1月8日,"28,745.09","28,556.14","28,866.18","28,522.51",296.43M,0.56%
2020年1月7日,"28,583.68","28,639.18","28,685.50","28,565.28",266.68M,-0.42%
2020年1月6日,"28,703.38","28,465.50","28,708.02","28,418.63",261.81M,0.24%
2020年1月3日,"28,634.88","28,553.33","28,716.31","28,500.36",239.59M,-0.81%
2020年1月2日,"28,868.80","28,638.97","28,872.80","28,627.77",254.29M,1.16%
2019年12月31日,"28,538.44","28,414.64","28,547.35","28,376.49",193.34M,0.27%
2019年12月30日,"28,462.14","28,654.76","28,664.69","28,428.98",185.07M,-0.64%
2019年12月27日,"28,645.26","28,675.34","28,701.66","28,608.98",184.93M,0.08%
2019年12月26日,"28,621.39","28,539.46","28,624.10","28,535.15",155.97M,0.37%
2019年12月24日,"28,515.45","28,572.57","28,576.80","28,503.21",95.29M,-0.13%
2019年12月23日,"28,551.53","28,491.78","28,582.49","28,491.78",233.47M,0.34%
2019年12月20日,"28,455.09","28,608.64","28,608.64","28,445.60",603.78M,0.28%
2019年12月19日,"28,376.96","28,278.31","28,381.48","28,278.24",262.57M,0.49%
2019年12月18日,"28,239.28","28,291.44","28,323.25","28,239.28",289.89M,-0.10%
2019年12月17日,"28,267.16","28,221.75","28,328.63","28,220.56",286.77M,0.11%
2019年12月16日,"28,235.89","28,191.67","28,337.49","28,191.67",286.77M,0.36%
2019年12月13日,"28,135.38","28,123.64","28,290.73","28,028.32",254.81M,0.01%
2019年12月12日,"28,132.05","27,898.34","28,224.95","27,859.87",277.74M,0.79%
2019年12月11日,"27,911.30","27,867.31","27,925.50","27,801.80",221.70M,0.11%
2019年12月10日,"27,881.72","27,900.65","27,949.02","27,804.00",215.81M,-0.10%
2019年12月9日,"27,909.60","27,987.05","28,010.42","27,906.14",219.07M,-0.38%
2019年12月6日,"28,015.06","27,839.68","28,035.85","27,839.68",224.83M,1.22%
2019年12月5日,"27,677.79","27,736.05","27,745.20","27,562.80",219.99M,0.10%
2019年12月4日,"27,649.78","27,634.63","27,727.45","27,612.08",218.20M,0.53%
2019年12月3日,"27,502.81","27,501.98","27,524.74","27,325.13",275.35M,-1.01%
2019年12月2日,"27,783.04","28,109.74","28,109.84","27,782.35",236.61M,-0.96%
2019年11月29日,"28,051.41","28,103.16","28,119.51","28,042.53",122.62M,-0.40%
2019年11月27日,"28,164.00","28,156.47","28,174.97","28,075.23",198.21M,0.15%
2019年11月26日,"28,121.68","28,080.75","28,146.02","28,042.21",329.80M,0.20%
2019年11月25日,"28,066.47","27,917.77","28,068.69","27,917.77",248.42M,0.68%
2019年11月22日,"27,875.62","27,831.23","27,898.46","27,773.98",218.58M,0.39%
2019年11月21日,"27,766.29","27,820.28","27,828.33","27,708.34",232.02M,-0.20%
2019年11月20日,"27,821.09","27,879.55","27,897.28","27,675.28",260.24M,-0.40%
2019年11月19日,"27,934.02","28,079.76","28,090.21","27,894.52",256.62M,-0.36%
2019年11月18日,"28,036.22","27,993.22","28,040.97","27,969.24",252.32M,0.11%
2019年11月15日,"28,004.89","27,843.54","28,004.89","27,843.54",288.91M,0.80%
2019年11月14日,"27,781.96","27,757.20","27,800.71","27,676.97",303.97M,-0.01%
2019年11月13日,"27,783.59","27,622.04","27,806.40","27,587.20",278.39M,0.33%
2019年11月12日,"27,691.49","27,701.59","27,770.86","27,635.32",213.67M,0.00%
2019年11月11日,"27,691.49","27,580.66","27,714.39","27,517.67",204.62M,0.04%
2019年11月8日,"27,681.24","27,686.20","27,694.95","27,578.97",222.79M,0.02%
2019年11月7日,"27,674.80","27,590.16","27,774.67","27,590.16",263.58M,0.66%
2019年11月6日,"27,492.56","27,502.74","27,526.05","27,407.81",243.19M,0.00%
2019年11月5日,"27,492.63","27,500.23","27,560.36","27,453.55",293.96M,0.11%
2019年11月4日,"27,462.11","27,402.06","27,517.58","27,402.06",273.03M,0.42%
2019年11月1日,"27,347.36","27,142.95","27,347.43","27,142.95",272.07M,1.11%
2019年10月31日,"27,046.23","27,188.37","27,188.37","26,918.29",273.83M,-0.52%
2019年10月30日,"27,186.69","27,110.71","27,204.36","26,999.64",231.75M,0.43%
2019年10月29日,"27,071.42","27,061.07","27,165.94","27,039.76",269.61M,-0.07%
2019年10月28日,"27,090.72","27,040.33","27,167.88","27,028.71",290.77M,0.49%
2019年10月25日,"26,958.06","26,789.61","27,015.37","26,765.68",274.61M,0.57%
2019年10月24日,"26,805.53","26,893.93","26,931.78","26,714.34",259.64M,-0.11%
2019年10月23日,"26,833.95","26,835.24","26,896.89","26,745.00",247.68M,0.17%
2019年10月22日,"26,788.10","26,850.43","26,946.64","26,782.61",265.51M,-0.15%
2019年10月21日,"26,827.64","26,852.67","26,852.67","26,747.62",241.03M,0.21%
2019年10月18日,"26,770.20","27,004.49","27,018.25","26,770.13",293.61M,-0.95%
2019年10月17日,"27,025.88","27,032.38","27,112.16","26,970.29",225.06M,0.09%
2019年10月16日,"27,001.98","26,972.31","27,058.34","26,943.29",218.24M,-0.08%
2019年10月15日,"27,024.80","26,811.20","27,120.11","26,811.20",247.48M,0.89%
2019年10月14日,"26,787.36","26,766.43","26,874.33","26,749.18",178.62M,-0.11%
2019年10月11日,"26,816.59","26,694.20","27,013.97","26,694.20",283.53M,1.21%
2019年10月10日,"26,496.67","26,317.35","26,603.31","26,314.51",217.68M,0.57%
2019年10月9日,"26,346.01","26,308.23","26,424.31","26,249.75",191.75M,0.70%
2019年10月8日,"26,164.04","26,276.59","26,421.81","26,139.80",251.42M,-1.19%
2019年10月7日,"26,478.02","26,502.33","26,655.84","26,424.54",197.51M,-0.36%
2019年10月4日,"26,573.72","26,271.70","26,590.74","26,271.70",224.49M,1.42%
2019年10月3日,"26,201.04","26,039.02","26,205.20","25,743.46",249.02M,0.47%
2019年10月2日,"26,078.62","26,425.86","26,438.04","25,974.12",312.73M,-1.86%
2019年10月1日,"26,573.04","26,962.54","27,046.21","26,562.22",272.18M,-1.28%
2019年9月30日,"26,916.83","26,852.33","26,998.86","26,852.33",228.48M,0.36%
2019年9月27日,"26,820.25","26,987.26","27,012.54","26,715.82",217.78M,-0.26%
2019年9月26日,"26,891.12","27,004.11","27,015.07","26,803.84",230.80M,-0.30%
2019年9月25日,"26,970.71","26,866.71","27,016.56","26,755.86",237.22M,0.61%
2019年9月24日,"26,807.77","27,034.07","27,079.68","26,704.96",307.43M,-0.53%
2019年9月23日,"26,949.99","26,851.45","27,011.07","26,831.34",214.83M,0.06%
2019年9月20日,"26,935.07","27,102.18","27,194.75","26,926.68",512.57M,-0.59%
2019年9月19日,"27,094.79","27,186.05","27,272.17","27,064.21",216.44M,-0.19%
2019年9月18日,"27,147.08","27,075.39","27,161.93","26,899.15",212.86M,0.13%
2019年9月17日,"27,110.80","27,010.12","27,110.80","26,984.14",223.58M,0.13%
2019年9月16日,"27,076.82","27,146.06","27,172.87","27,032.56",220.62M,-0.52%
2019年9月13日,"27,219.52","27,216.67","27,277.55","27,193.95",255.26M,0.14%
2019年9月12日,"27,182.45","27,197.32","27,306.73","27,105.01",254.65M,0.17%
2019年9月11日,"27,137.04","26,928.05","27,137.04","26,885.48",272.59M,0.85%
2019年9月10日,"26,909.43","26,805.83","26,909.43","26,717.05",322.34M,0.28%
2019年9月9日,"26,835.51","26,866.23","26,900.83","26,762.18",273.12M,0.14%
2019年9月6日,"26,797.46","26,790.25","26,860.87","26,708.39",209.70M,0.26%
2019年9月5日,"26,728.15","26,603.15","26,836.30","26,603.15",256.67M,1.41%
2019年9月4日,"26,355.47","26,301.99","26,362.35","26,244.44",202.71M,0.91%
2019年9月3日,"26,118.02","26,198.26","26,198.26","25,978.22",223.21M,-1.08%
2019年8月30日,"26,403.28","26,476.39","26,514.62","26,295.59",219.08M,0.16%
2019年8月29日,"26,362.25","26,249.09","26,408.84","26,185.71",212.19M,1.25%
2019年8月28日,"26,036.10","25,712.99","26,041.57","25,637.43",207.07M,1.00%
2019年8月27日,"25,777.90","26,014.46","26,054.02","25,721.85",263.53M,-0.47%
2019年8月26日,"25,898.83","25,826.05","25,941.25","25,716.39",222.78M,1.05%
2019年8月23日,"25,628.90","26,134.21","26,320.29","25,507.18",364.26M,-2.37%
2019年8月22日,"26,252.24","26,271.64","26,388.78","26,099.01",222.81M,0.19%
2019年8月21日,"26,202.73","26,145.36","26,268.32","26,141.77",208.79M,0.93%
2019年8月20日,"25,962.44","26,086.86","26,160.12","25,952.00",238.10M,-0.66%
2019年8月19日,"26,135.79","26,020.06","26,222.32","26,020.06",252.64M,0.96%
2019年8月16日,"25,886.01","25,678.17","25,929.65","25,678.17",276.21M,1.20%
2019年8月15日,"25,579.39","25,514.25","25,639.69","25,339.60",335.80M,0.39%
2019年8月14日,"25,479.42","26,035.08","26,035.08","25,471.59",357.00M,-3.05%
2019年8月13日,"26,279.91","25,888.88","26,426.97","25,833.25",309.61M,1.44%
2019年8月12日,"25,907.37","26,169.91","26,178.95","25,824.94",200.58M,-1.45%
2019年8月9日,"26,287.44","26,337.09","26,413.36","26,097.64",241.93M,-0.34%
2019年8月8日,"26,378.19","26,086.52","26,383.61","26,038.10",283.59M,1.43%
2019年8月7日,"26,007.07","25,814.22","26,073.21","25,440.39",350.09M,-0.09%
2019年8月6日,"26,029.52","25,810.62","26,038.68","25,710.87",322.97M,1.21%
2019年8月5日,"25,717.74","26,259.23","26,259.23","25,523.38",423.37M,-2.90%
2019年8月2日,"26,485.01","26,528.66","26,570.02","26,249.22",335.72M,-0.37%
2019年8月1日,"26,583.42","26,879.86","27,175.59","26,548.71",390.49M,-1.05%
2019年7月31日,"26,864.27","27,244.67","27,281.65","26,719.60",389.00M,-1.23%
2019年7月30日,"27,198.02","27,145.39","27,224.36","27,069.86",293.25M,-0.09%
2019年7月29日,"27,221.35","27,192.24","27,275.85","27,178.06",259.32M,0.11%
2019年7月26日,"27,192.45","27,166.00","27,213.70","27,123.25",243.20M,0.19%
2019年7月25日,"27,140.98","27,247.39","27,298.43","27,062.48",244.02M,-0.47%
2019年7月24日,"27,269.97","27,262.24","27,291.04","27,191.12",245.88M,-0.29%
2019年7月23日,"27,349.19","27,231.86","27,368.81","27,204.58",250.80M,0.65%
2019年7月22日,"27,171.90","27,174.18","27,227.77","27,088.90",226.95M,0.07%
2019年7月19日,"27,154.20","27,246.38","27,342.96","27,145.78",287.69M,-0.25%
2019年7月18日,"27,222.97","27,191.98","27,266.81","27,068.79",218.82M,0.01%
2019年7月17日,"27,219.85","27,320.91","27,343.06","27,218.38",196.78M,-0.42%
2019年7月16日,"27,335.63","27,349.32","27,398.68","27,290.24",226.00M,-0.09%
2019年7月15日,"27,359.16","27,364.69","27,364.69","27,294.17",199.73M,0.10%
2019年7月12日,"27,332.03","27,139.49","27,333.79","27,135.45",248.39M,0.90%
2019年7月11日,"27,088.08","26,950.16","27,088.45","26,916.32",252.30M,0.85%
2019年7月10日,"26,860.20","26,851.96","26,983.45","26,813.11",207.99M,0.29%
2019年7月9日,"26,783.49","26,725.12","26,807.70","26,665.57",218.33M,-0.08%
2019年7月8日,"26,806.14","26,835.64","26,839.14","26,744.87",214.29M,-0.43%
2019年7月5日,"26,922.12","26,867.75","26,950.81","26,733.33",192.17M,-0.16%
2019年7月3日,"26,966.00","26,832.32","26,966.00","26,831.44",149.84M,0.67%
2019年7月2日,"26,786.68","26,719.53","26,787.56","26,632.65",219.27M,0.26%
2019年7月1日,"26,717.43","26,805.86","26,890.64","26,616.21",285.35M,0.44%
2019年6月28日,"26,599.96","26,605.93","26,638.35","26,522.27",499.35M,0.28%
2019年6月27日,"26,526.58","26,523.72","26,607.24","26,465.32",246.93M,-0.04%
2019年6月26日,"26,536.82","26,599.42","26,660.04","26,536.33",274.34M,-0.04%
2019年6月25日,"26,548.22","26,731.61","26,752.31","26,527.66",282.16M,-0.67%
2019年6月24日,"26,727.54","26,727.61","26,806.52","26,723.37",232.39M,0.03%
2019年6月21日,"26,719.13","26,749.12","26,907.37","26,705.87",485.56M,-0.13%
2019年6月20日,"26,753.17","26,665.38","26,798.63","26,539.69",278.17M,0.94%
2019年6月19日,"26,504.00","26,490.16","26,569.75","26,415.05",240.95M,0.15%
2019年6月18日,"26,465.54","26,228.88","26,527.19","26,227.76",273.49M,1.35%
2019年6月17日,"26,112.53","26,108.53","26,165.78","26,049.80",199.50M,0.09%
2019年6月14日,"26,089.61","26,076.36","26,162.28","25,988.09",208.02M,-0.07%
2019年6月13日,"26,106.77","26,036.94","26,146.91","25,995.71",213.40M,0.39%
2019年6月12日,"26,004.83","26,040.30","26,082.10","25,958.66",223.69M,-0.17%
2019年6月11日,"26,048.51","26,180.59","26,248.67","25,998.87",253.49M,-0.05%
2019年6月10日,"26,062.68","26,090.22","26,210.61","26,054.31",249.28M,0.30%
2019年6月7日,"25,983.94","25,768.72","26,072.75","25,768.72",263.01M,1.02%
2019年6月6日,"25,720.66","25,567.45","25,800.30","25,518.05",248.07M,0.71%
2019年6月5日,"25,539.57","25,451.00","25,544.66","25,373.58",262.66M,0.82%
2019年6月4日,"25,332.18","24,962.82","25,343.77","24,962.82",281.69M,2.06%
2019年6月3日,"24,819.78","24,830.16","24,935.21","24,680.57",328.24M,0.02%
2019年5月31日,"24,815.04","25,046.31","25,046.31","24,809.51",292.23M,-1.41%
2019年5月30日,"25,169.88","25,139.94","25,218.54","25,066.75",215.24M,0.17%
2019年5月29日,"25,126.41","25,231.46","25,231.46","24,938.24",298.93M,-0.87%
2019年5月28日,"25,347.77","25,616.55","25,717.63","25,342.28",364.85M,-0.93%
2019年5月24日,"25,585.69","25,551.07","25,670.81","25,496.20",201.37M,0.37%
2019年5月23日,"25,490.47","25,657.99","25,657.99","25,328.09",316.94M,-1.11%
2019年5月22日,"25,776.61","25,818.46","25,878.21","25,755.11",241.76M,-0.39%
2019年5月21日,"25,877.33","25,782.34","25,898.27","25,779.61",260.87M,0.77%
2019年5月20日,"25,679.90","25,655.31","25,751.71","25,560.55",279.56M,-0.33%
2019年5月17日,"25,764.00","25,719.95","25,948.74","25,657.78",283.76M,-0.38%
2019年5月16日,"25,862.68","25,692.14","25,957.63","25,692.14",320.96M,0.84%
2019年5月15日,"25,648.02","25,400.13","25,724.89","25,341.94",270.72M,0.45%
2019年5月14日,"25,532.05","25,384.03","25,688.96","25,384.03",291.57M,0.82%
2019年5月13日,"25,324.99","25,568.06","25,568.06","25,222.51",361.24M,-2.38%
2019年5月10日,"25,942.37","25,763.72","26,019.32","25,469.86",294.58M,0.44%
2019年5月9日,"25,828.36","25,878.85","25,884.89","25,517.39",334.76M,-0.54%
2019年5月8日,"25,967.33","25,933.79","26,118.10","25,889.41",276.42M,0.01%
2019年5月7日,"25,965.09","26,276.90","26,276.90","25,789.71",334.96M,-1.79%
2019年5月6日,"26,438.48","26,160.62","26,476.27","26,033.95",283.02M,-0.25%
2019年5月3日,"26,504.95","26,379.14","26,534.96","26,370.09",248.90M,0.75%
2019年5月2日,"26,307.79","26,407.15","26,454.69","26,180.36",287.61M,-0.46%
2019年5月1日,"26,430.14","26,639.06","26,689.39","26,426.38",303.85M,-0.61%
2019年4月30日,"26,592.91","26,594.56","26,614.04","26,419.47",340.32M,0.15%
2019年4月29日,"26,554.39","26,559.87","26,602.54","26,520.75",279.45M,0.04%
2019年4月26日,"26,543.33","26,454.62","26,543.56","26,392.55",317.29M,0.31%
2019年4月25日,"26,462.08","26,426.37","26,536.48","26,310.28",296.73M,-0.51%
2019年4月24日,"26,597.05","26,652.56","26,680.58","26,582.86",283.37M,-0.22%
2019年4月23日,"26,656.39","26,513.83","26,695.96","26,503.56",311.69M,0.55%
2019年4月22日,"26,511.05","26,510.77","26,553.05","26,458.61",232.57M,-0.18%
2019年4月18日,"26,559.54","26,463.37","26,602.42","26,444.53",332.85M,0.42%
2019年4月17日,"26,449.54","26,468.53","26,501.02","26,391.86",367.78M,-0.01%
2019年4月16日,"26,452.66","26,482.19","26,530.71","26,397.19",302.34M,0.26%
2019年4月15日,"26,384.77","26,407.76","26,424.85","26,316.42",250.62M,-0.10%
2019年4月12日,"26,412.30","26,357.79","26,436.68","26,309.72",369.91M,1.03%
2019年4月11日,"26,143.05","26,188.21","26,229.88","26,062.59",211.68M,-0.05%
2019年4月10日,"26,157.16","26,173.71","26,209.49","26,101.24",203.13M,0.03%
2019年4月9日,"26,150.58","26,243.54","26,246.34","26,103.14",244.41M,-0.72%
2019年4月8日,"26,341.02","26,312.67","26,344.65","26,246.03",229.38M,-0.32%
2019年4月5日,"26,424.99","26,427.56","26,487.57","26,370.82",229.55M,0.15%
2019年4月4日,"26,384.63","26,213.42","26,398.90","26,212.78",233.04M,0.64%
2019年4月3日,"26,218.13","26,238.03","26,282.17","26,138.47",271.98M,0.15%
2019年4月2日,"26,179.13","26,213.55","26,221.24","26,122.31",250.94M,-0.30%
2019年4月1日,"26,258.42","26,075.10","26,280.90","26,071.69",295.57M,1.27%
2019年3月29日,"25,928.68","25,827.31","25,949.32","25,771.67",300.62M,0.82%
2019年3月28日,"25,717.46","25,693.32","25,743.41","25,576.69",237.17M,0.36%
2019年3月27日,"25,625.59","25,676.34","25,758.17","25,425.27",270.34M,-0.13%
2019年3月26日,"25,657.73","25,649.56","25,796.29","25,544.78",305.11M,0.55%
2019年3月25日,"25,516.83","25,490.72","25,603.27","25,372.26",303.12M,0.06%
2019年3月22日,"25,502.32","25,844.65","25,877.01","25,501.45",386.51M,-1.77%
2019年3月21日,"25,962.51","25,688.44","26,009.90","25,657.78",335.25M,0.84%
2019年3月20日,"25,745.67","25,867.79","25,929.52","25,670.63",321.98M,-0.55%
2019年3月19日,"25,887.38","25,987.87","26,109.68","25,814.92",342.25M,-0.10%
2019年3月18日,"25,914.10","25,801.88","25,924.77","25,785.66",303.17M,0.25%
2019年3月15日,"25,848.87","25,720.96","25,927.91","25,649.70",616.91M,0.54%
2019年3月14日,"25,709.94","25,692.31","25,752.84","25,621.31",302.79M,0.03%
2019年3月13日,"25,702.89","25,637.23","25,776.49","25,571.31",331.41M,0.58%
2019年3月12日,"25,554.66","25,600.30","25,675.44","25,522.17",312.52M,-0.38%
2019年3月11日,"25,650.88","25,208.00","25,661.63","25,208.00",309.79M,0.79%
2019年3月8日,"25,450.24","25,347.38","25,466.14","25,252.46",270.50M,-0.09%
2019年3月7日,"25,473.23","25,645.45","25,645.45","25,352.55",289.14M,-0.78%
2019年3月6日,"25,673.46","25,818.76","25,837.61","25,633.71",256.25M,-0.52%
2019年3月5日,"25,806.63","25,829.07","25,877.15","25,725.63",252.26M,-0.05%
2019年3月4日,"25,819.65","26,122.19","26,155.98","25,611.55",295.51M,-0.79%
2019年3月1日,"26,026.32","26,019.67","26,143.92","25,914.37",289.89M,0.43%
2019年2月28日,"25,916.00","25,984.28","26,029.21","25,896.56",338.52M,-0.27%
2019年2月27日,"25,985.16","25,995.60","26,039.68","25,877.24",255.38M,-0.28%
2019年2月26日,"26,057.98","26,051.61","26,155.29","25,966.01",257.85M,-0.13%
2019年2月25日,"26,091.95","26,126.15","26,241.42","26,080.66",281.60M,0.23%
2019年2月22日,"26,031.81","25,906.27","26,052.90","25,906.27",279.76M,0.70%
2019年2月21日,"25,850.63","25,922.41","25,938.88","25,762.21",255.71M,-0.40%
2019年2月20日,"25,954.44","25,872.26","25,986.20","25,846.48",287.88M,0.24%
2019年2月19日,"25,891.32","25,849.85","25,961.44","25,820.01",280.62M,0.03%
2019年2月15日,"25,883.25","25,564.63","25,883.72","25,564.63",328.53M,1.74%
2019年2月14日,"25,439.39","25,460.65","25,558.90","25,308.09",313.01M,-0.41%
2019年2月13日,"25,543.27","25,480.86","25,625.95","25,480.86",263.33M,0.46%
2019年2月12日,"25,425.76","25,152.03","25,458.98","25,152.03",278.11M,1.49%
2019年2月11日,"25,053.11","25,142.81","25,196.75","25,009.10",241.70M,-0.21%
2019年2月8日,"25,106.33","25,042.36","25,106.39","24,883.04",248.21M,-0.25%
2019年2月7日,"25,169.53","25,265.81","25,314.26","25,000.52",295.46M,-0.87%
2019年2月6日,"25,390.30","25,371.57","25,439.04","25,312.06",247.59M,-0.08%
2019年2月5日,"25,411.52","25,287.93","25,427.32","25,287.65",310.65M,0.68%
2019年2月4日,"25,239.37","25,062.12","25,239.91","24,977.67",298.54M,0.70%
2019年2月1日,"25,063.89","25,025.31","25,193.15","24,982.49",372.09M,0.26%
2019年1月31日,"24,999.67","24,954.48","25,049.62","24,842.09",507.35M,-0.06%
2019年1月30日,"25,014.86","24,826.52","25,109.62","24,790.90",397.33M,1.77%
2019年1月29日,"24,579.96","24,519.62","24,674.87","24,504.04",330.87M,0.21%
2019年1月28日,"24,528.22","24,596.98","24,596.98","24,323.94",347.17M,-0.84%
2019年1月25日,"24,737.20","24,687.21","24,860.15","24,676.75",376.89M,0.75%
2019年1月24日,"24,553.24","24,579.96","24,626.30","24,422.73",320.17M,-0.09%
2019年1月23日,"24,575.62","24,577.25","24,700.98","24,307.17",318.60M,0.70%
2019年1月22日,"24,404.48","24,607.76","24,607.76","24,244.31",338.48M,-1.22%
2019年1月18日,"24,706.35","24,534.19","24,750.22","24,459.03",372.97M,1.38%
2019年1月17日,"24,370.10","24,147.09","24,474.46","24,088.90",288.59M,0.67%
2019年1月16日,"24,207.16","24,139.91","24,288.61","24,119.72",302.83M,0.59%
2019年1月15日,"24,065.59","23,914.11","24,099.14","23,887.93",291.57M,0.65%
2019年1月14日,"23,909.84","23,880.53","23,964.90","23,765.24",277.56M,-0.36%
2019年1月11日,"23,995.95","23,940.01","23,996.32","23,798.16",262.65M,-0.02%
2019年1月10日,"24,001.92","23,811.11","24,014.78","23,703.25",338.15M,0.51%
2019年1月9日,"23,879.12","23,844.27","23,985.45","23,776.56",324.57M,0.39%
2019年1月8日,"23,787.45","23,680.32","23,864.65","23,581.45",317.42M,1.09%
2019年1月7日,"23,531.35","23,474.26","23,687.74","23,301.59",334.20M,0.42%
2019年1月4日,"23,433.16","22,894.92","23,518.64","22,894.92",396.02M,3.29%
2019年1月3日,"22,686.22","23,176.39","23,176.39","22,638.41",424.24M,-2.83%
2019年1月2日,"23,346.24","23,058.61","23,413.47","22,928.59",321.57M,0.08%
2018年12月31日,"23,327.46","23,153.94","23,333.18","23,118.30",288.83M,1.15%
2018年12月28日,"23,062.40","23,213.61","23,381.88","22,981.33",336.51M,-0.33%
2018年12月27日,"23,138.82","22,629.06","23,138.89","22,267.42",407.94M,1.14%
2018年12月26日,"22,878.45","21,857.73","22,878.92","21,712.53",433.08M,4.98%
2018年12月24日,"21,792.20","22,317.28","22,339.87","21,792.20",308.42M,-2.91%
2018年12月21日,"22,445.37","22,871.74","23,254.59","22,396.34",900.51M,-1.81%
2018年12月20日,"22,859.60","23,224.12","23,282.20","22,644.31",576.70M,-1.99%
2018年12月19日,"23,323.66","23,693.33","24,057.34","23,162.64",503.55M,-1.49%
2018年12月18日,"23,675.64","23,769.13","23,927.77","23,516.02",408.07M,0.35%
2018年12月17日,"23,592.98","23,986.83","24,088.08","23,456.88",466.74M,-2.11%
2018年12月14日,"24,100.51","24,408.04","24,431.14","24,033.79",416.94M,-2.02%
2018年12月13日,"24,597.38","24,575.86","24,740.96","24,473.29",299.97M,0.29%
2018年12月12日,"24,527.27","24,509.09","24,828.29","24,509.09",344.33M,0.64%
2018年12月11日,"24,370.24","24,719.91","24,791.26","24,221.06",342.96M,-0.22%
2018年12月10日,"24,423.26","24,360.95","24,500.81","23,881.37",389.69M,0.14%
2018年12月7日,"24,388.95","24,918.82","25,095.62","24,284.78",398.23M,-2.24%
2018年12月6日,"24,947.67","24,737.42","24,951.01","24,242.22",471.69M,-0.32%
2018年12月4日,"25,027.07","25,752.56","25,773.12","25,008.11",418.90M,-3.10%
2018年12月3日,"25,826.43","25,779.57","25,980.21","25,670.51",388.48M,1.13%
2018年11月30日,"25,538.46","25,307.14","25,549.71","25,250.97",482.25M,0.79%
2018年11月29日,"25,338.84","25,343.65","25,479.04","25,202.79",305.11M,-0.11%
2018年11月28日,"25,366.43","24,832.84","25,368.93","24,832.84",362.16M,2.50%
2018年11月27日,"24,748.73","24,557.02","24,750.73","24,416.03",308.25M,0.44%
2018年11月26日,"24,640.24","24,364.13","24,673.29","24,364.13",306.28M,1.46%
2018年11月23日,"24,285.95","24,336.40","24,408.80","24,268.74",155.94M,-0.73%
2018年11月21日,"24,464.69","24,541.65","24,669.79","24,463.28",289.37M,0.00%
2018年11月20日,"24,465.64","24,618.68","24,707.26","24,368.98",445.92M,-2.21%
2018年11月19日,"25,017.44","25,392.61","25,392.61","24,900.98",358.09M,-1.56%
2018年11月16日,"25,413.22","25,242.35","25,510.23","25,147.80",354.46M,0.49%
2018年11月15日,"25,289.27","25,061.48","25,354.56","24,787.79",392.75M,0.83%
2018年11月14日,"25,080.50","25,388.08","25,501.29","24,935.82",384.24M,-0.81%
2018年11月13日,"25,286.49","25,321.21","25,511.03","25,193.78",339.69M,-0.40%
2018年11月12日,"25,387.18","25,959.33","25,966.71","25,340.51",346.91M,-2.32%
2018年11月9日,"25,989.30","26,149.11","26,161.49","25,882.91",324.45M,-0.77%
2018年11月8日,"26,191.22","26,139.59","26,277.82","26,081.90",295.65M,0.04%
2018年11月7日,"26,180.30","25,788.46","26,200.14","25,765.88",361.78M,2.13%
2018年11月6日,"25,635.01","25,452.83","25,651.86","25,444.90",265.45M,0.68%
2018年11月5日,"25,461.70","25,261.47","25,507.35","25,261.47",334.74M,0.76%
2018年11月2日,"25,270.83","25,443.60","25,578.98","25,078.72",429.48M,-0.43%
2018年11月1日,"25,380.74","25,142.08","25,396.47","25,108.11",383.97M,1.06%
2018年10月31日,"25,115.76","25,008.82","25,336.55","25,008.82",448.93M,0.97%
2018年10月30日,"24,874.64","24,482.04","24,906.68","24,415.69",470.05M,1.77%
2018年10月29日,"24,442.92","24,818.98","25,040.58","24,122.23",443.85M,-0.99%
2018年10月26日,"24,688.31","24,770.25","24,916.16","24,445.19",505.31M,-1.19%
2018年10月25日,"24,984.55","24,736.54","25,104.29","24,645.56",439.67M,1.63%
2018年10月24日,"24,583.42","25,172.88","25,306.23","24,533.19",496.40M,-2.41%
2018年10月23日,"25,191.43","25,038.46","25,307.70","24,768.79",436.43M,-0.50%
2018年10月22日,"25,317.41","25,492.14","25,561.34","25,236.05",314.94M,-0.50%
2018年10月19日,"25,444.34","25,421.09","25,608.71","25,350.02",350.81M,0.26%
2018年10月18日,"25,379.45","25,645.56","25,691.46","25,236.01",328.02M,-1.27%
2018年10月17日,"25,706.68","25,705.87","25,810.09","25,479.16",298.21M,-0.36%
2018年10月16日,"25,798.42","25,351.53","25,817.68","25,351.53",305.80M,2.17%
2018年10月15日,"25,250.55","25,332.46","25,482.42","25,243.88",287.32M,-0.35%
2018年10月12日,"25,339.99","25,407.63","25,467.55","25,000.83",397.51M,1.15%
2018年10月11日,"25,052.83","25,518.39","25,683.64","24,899.77",522.88M,-2.13%
2018年10月10日,"25,598.74","26,441.73","26,441.73","25,593.65",438.20M,-3.15%
2018年10月9日,"26,430.57","26,469.19","26,539.94","26,324.16",282.56M,-0.21%
2018年10月8日,"26,486.78","26,399.45","26,529.35","26,223.09",273.02M,0.15%
2018年10月5日,"26,447.05","26,632.77","26,676.16","26,301.81",267.10M,-0.68%
2018年10月4日,"26,627.48","26,784.08","26,793.82","26,471.61",289.60M,-0.75%
2018年10月3日,"26,828.39","26,833.47","26,951.81","26,789.08",280.13M,0.20%
2018年10月2日,"26,773.94","26,648.91","26,824.78","26,627.66",258.29M,0.46%
2018年10月1日,"26,651.21","26,598.36","26,737.98","26,596.05",238.32M,0.73%
2018年9月28日,"26,458.31","26,407.66","26,515.76","26,383.57",264.03M,0.07%
2018年9月27日,"26,439.93","26,418.27","26,557.01","26,379.95",226.35M,0.21%
2018年9月26日,"26,385.28","26,536.86","26,606.09","26,349.34",262.62M,-0.40%
2018年9月25日,"26,492.21","26,601.58","26,634.85","26,475.58",234.11M,-0.26%
2018年9月24日,"26,562.05","26,705.25","26,709.94","26,548.68",254.85M,-0.68%
2018年9月21日,"26,743.50","26,726.25","26,769.16","26,680.37",657.62M,0.32%
2018年9月20日,"26,656.98","26,519.39","26,697.49","26,519.39",260.48M,0.95%
2018年9月19日,"26,405.76","26,287.84","26,464.41","26,280.76",251.33M,0.61%
2018年9月18日,"26,246.96","26,076.21","26,317.34","26,076.21",243.00M,0.71%
2018年9月17日,"26,062.12","26,151.66","26,184.47","26,030.35",230.23M,-0.35%
2018年9月14日,"26,154.67","26,169.56","26,211.11","26,068.29",228.64M,0.03%
2018年9月13日,"26,145.99","26,083.94","26,191.64","26,067.08",260.80M,0.57%
2018年9月12日,"25,998.92","25,989.07","26,145.72","25,929.43",282.77M,0.11%
2018年9月11日,"25,971.06","25,841.14","26,019.92","25,754.32",265.96M,0.44%
2018年9月10日,"25,857.07","25,991.91","26,039.96","25,854.13",252.17M,-0.23%
2018年9月7日,"25,916.54","25,951.02","26,002.99","25,818.39",281.35M,-0.31%
2018年9月6日,"25,995.87","25,973.02","26,073.68","25,880.84",262.38M,0.08%
2018年9月5日,"25,974.99","25,919.84","26,011.22","25,871.04",289.21M,0.09%
2018年9月4日,"25,952.48","25,916.07","25,971.77","25,805.95",254.60M,-0.05%
2018年8月31日,"25,964.82","25,964.85","26,028.83","25,879.77",273.44M,-0.09%
2018年8月30日,"25,986.92","26,099.01","26,104.37","25,934.80",240.44M,-0.53%
2018年8月29日,"26,124.57","26,082.53","26,167.94","26,035.30",214.96M,0.23%
2018年8月28日,"26,064.02","26,092.70","26,122.24","26,037.85",211.47M,0.06%
2018年8月27日,"26,049.64","25,882.71","26,067.57","25,882.71",220.51M,1.01%
2018年8月24日,"25,790.35","25,688.58","25,826.05","25,688.58",200.33M,0.52%
2018年8月23日,"25,656.98","25,714.86","25,762.56","25,608.02",213.27M,-0.30%
2018年8月22日,"25,733.60","25,825.06","25,836.16","25,722.43",200.48M,-0.34%
2018年8月21日,"25,822.29","25,786.99","25,888.82","25,784.90",241.62M,0.25%
2018年8月20日,"25,758.69","25,727.70","25,790.17","25,716.41",248.57M,0.35%
2018年8月17日,"25,669.32","25,550.80","25,728.16","25,521.66",284.16M,0.43%
2018年8月16日,"25,558.73","25,294.97","25,607.34","25,294.97",342.43M,1.58%
2018年8月15日,"25,162.41","25,235.37","25,235.37","24,965.77",295.81M,-0.54%
2018年8月14日,"25,299.92","25,215.69","25,339.51","25,201.87",219.21M,0.45%
2018年8月13日,"25,187.70","25,327.19","25,381.39","25,153.93",219.99M,-0.50%
2018年8月10日,"25,313.14","25,401.19","25,401.19","25,222.88",234.48M,-0.77%
2018年8月9日,"25,509.23","25,589.79","25,613.31","25,492.69",214.97M,-0.29%
2018年8月8日,"25,583.75","25,615.72","25,634.11","25,557.48",217.77M,-0.18%
2018年8月7日,"25,628.91","25,551.65","25,692.72","25,551.65",239.91M,0.50%
2018年8月6日,"25,502.18","25,437.43","25,540.02","25,381.38",238.99M,0.16%
2018年8月3日,"25,462.58","25,360.37","25,467.90","25,325.17",239.02M,0.54%
2018年8月2日,"25,326.16","25,256.45","25,360.48","25,120.07",307.70M,-0.03%
2018年8月1日,"25,333.82","25,461.63","25,488.80","25,278.32",315.88M,-0.32%
2018年7月31日,"25,415.19","25,345.21","25,490.98","25,345.21",348.70M,0.43%
2018年7月30日,"25,306.83","25,439.32","25,500.16","25,287.38",296.88M,-0.57%
2018年7月27日,"25,451.06","25,520.52","25,580.22","25,370.07",329.68M,-0.30%
2018年7月26日,"25,527.07","25,468.55","25,587.24","25,463.16",297.53M,0.44%
2018年7月25日,"25,414.10","25,183.70","25,432.87","25,113.55",273.67M,0.68%
2018年7月24日,"25,241.94","25,092.43","25,286.62","25,092.43",274.94M,0.79%
2018年7月23日,"25,044.29","25,036.90","25,081.45","24,983.33",228.82M,-0.06%
2018年7月20日,"25,058.12","25,041.14","25,124.10","24,986.35",274.08M,-0.03%
2018年7月19日,"25,064.50","25,139.15","25,154.17","25,052.62",285.76M,-0.53%
2018年7月18日,"25,199.29","25,133.79","25,215.32","25,101.12",252.87M,0.32%
2018年7月17日,"25,119.89","25,033.92","25,155.39","24,989.61",250.45M,0.22%
2018年7月16日,"25,064.36","25,025.58","25,072.41","24,979.64",231.27M,0.18%
2018年7月13日,"25,019.41","24,926.07","25,043.21","24,890.06",255.52M,0.38%
2018年7月12日,"24,924.89","24,802.90","24,939.97","24,802.90",233.15M,0.91%
2018年7月11日,"24,700.45","24,789.48","24,815.16","24,663.82",237.37M,-0.88%
2018年7月10日,"24,919.66","24,806.97","24,945.38","24,806.97",235.04M,0.58%
2018年7月9日,"24,776.59","24,519.20","24,796.52","24,518.43",240.58M,1.31%
2018年7月6日,"24,456.48","24,352.47","24,520.29","24,281.47",219.45M,0.41%
2018年7月5日,"24,356.74","24,285.82","24,372.80","24,177.44",237.67M,0.75%
2018年7月3日,"24,174.82","24,359.39","24,444.88","24,150.85",160.96M,-0.54%
2018年7月2日,"24,307.18","24,161.53","24,319.42","24,077.56",244.11M,0.15%
2018年6月29日,"24,271.41","24,323.93","24,509.52","24,269.71",329.07M,0.23%
2018年6月28日,"24,216.05","24,064.19","24,308.16","23,997.21",305.02M,0.41%
2018年6月27日,"24,117.59","24,303.11","24,569.02","24,115.82",313.79M,-0.68%
2018年6月26日,"24,283.11","24,281.89","24,384.21","24,241.22",301.13M,0.12%
2018年6月25日,"24,252.80","24,463.73","24,463.73","24,084.39",439.13M,-1.33%
2018年6月22日,"24,580.89","24,526.97","24,663.18","24,526.97",473.97M,0.49%
2018年6月21日,"24,461.70","24,639.21","24,639.21","24,406.63",349.57M,-0.80%
2018年6月20日,"24,657.80","24,771.17","24,804.76","24,628.39",359.52M,-0.17%
2018年6月19日,"24,700.21","24,763.59","24,763.59","24,567.75",376.38M,-1.15%
2018年6月18日,"24,987.47","24,944.28","25,003.10","24,825.77",337.07M,-0.41%
2018年6月15日,"25,090.48","25,116.71","25,130.82","24,894.38",659.37M,-0.34%
2018年6月14日,"25,175.31","25,254.65","25,332.50","25,138.60",341.17M,-0.10%
2018年6月13日,"25,201.20","25,328.65","25,362.07","25,191.42",329.70M,-0.47%
2018年6月12日,"25,320.73","25,346.82","25,364.37","25,247.04",265.75M,-0.01%
2018年6月11日,"25,322.31","25,336.67","25,402.83","25,290.20",276.74M,0.02%
2018年6月8日,"25,316.53","25,209.29","25,325.63","25,165.70",317.51M,0.30%
2018年6月7日,"25,241.41","25,192.14","25,326.09","25,164.48",357.68M,0.38%
2018年6月6日,"25,146.39","24,854.14","25,146.46","24,854.14",316.09M,1.40%
2018年6月5日,"24,799.98","24,820.12","24,838.78","24,710.82",306.34M,-0.06%
2018年6月4日,"24,813.69","24,727.55","24,859.37","24,722.14",340.40M,0.72%
2018年6月1日,"24,635.21","24,542.09","24,673.60","24,542.09",315.71M,0.90%
2018年5月31日,"24,415.84","24,620.79","24,620.79","24,352.15",429.74M,-1.02%
2018年5月30日,"24,667.78","24,467.83","24,714.48","24,459.09",324.87M,1.26%
2018年5月29日,"24,361.45","24,606.59","24,635.18","24,247.84",395.81M,-1.58%
2018年5月25日,"24,753.09","24,781.29","24,824.22","24,687.81",257.21M,-0.24%
2018年5月24日,"24,811.76","24,877.36","24,877.36","24,605.90",347.05M,-0.30%
2018年5月23日,"24,886.81","24,757.71","24,889.46","24,667.12",399.61M,0.21%
2018年5月22日,"24,834.41","25,047.55","25,064.99","24,812.06",288.20M,-0.72%
2018年5月21日,"25,013.29","24,883.06","25,086.49","24,883.06",308.92M,1.21%
2018年5月18日,"24,715.09","24,707.72","24,774.97","24,664.87",269.70M,0.00%
2018年5月17日,"24,713.98","24,752.40","24,839.49","24,639.40",314.65M,-0.22%
2018年5月16日,"24,768.93","24,722.32","24,801.19","24,672.79",280.81M,0.25%
2018年5月15日,"24,706.41","24,809.55","24,809.55","24,629.39",301.90M,-0.78%
2018年5月14日,"24,899.41","24,879.37","24,994.19","24,862.52",282.86M,0.27%
2018年5月11日,"24,831.17","24,758.64","24,868.65","24,717.50",274.15M,0.37%
2018年5月10日,"24,739.53","24,591.66","24,794.99","24,575.91",304.21M,0.80%
2018年5月9日,"24,542.54","24,399.18","24,586.48","24,323.87",361.58M,0.75%
2018年5月8日,"24,360.21","24,341.35","24,412.34","24,198.34",344.94M,0.01%
2018年5月7日,"24,357.32","24,317.66","24,479.45","24,263.42",307.67M,0.39%
2018年5月4日,"24,262.51","23,865.22","24,333.35","23,778.87",329.48M,1.39%
2018年5月3日,"23,930.15","23,836.23","23,996.15","23,531.31",389.24M,0.02%
2018年5月2日,"23,924.98","24,097.63","24,185.52","23,886.30",385.35M,-0.72%
2018年5月1日,"24,099.05","24,117.29","24,117.29","23,808.19",380.07M,-0.27%
2018年4月30日,"24,163.15","24,410.41","24,498.23","24,163.08",416.65M,-0.61%
2018年4月27日,"24,311.19","24,342.14","24,359.38","24,194.45",392.81M,-0.05%
2018年4月26日,"24,322.34","24,128.72","24,402.46","24,128.72",390.36M,0.99%
2018年4月25日,"24,083.83","24,070.20","24,146.34","23,823.08",437.10M,0.25%
2018年4月24日,"24,024.13","24,579.94","24,579.94","23,828.73",468.18M,-1.74%
2018年4月23日,"24,448.69","24,488.07","24,536.89","24,328.54",351.03M,-0.06%
2018年4月20日,"24,462.94","24,657.39","24,678.07","24,375.04",537.77M,-0.82%
2018年4月19日,"24,664.89","24,711.30","24,762.48","24,557.03",381.11M,-0.34%
2018年4月18日,"24,748.07","24,820.85","24,832.54","24,721.09",302.03M,-0.16%
2018年4月17日,"24,786.63","24,681.79","24,858.97","24,681.79",342.41M,0.87%
2018年4月16日,"24,573.04","24,483.15","24,675.36","24,480.20",305.07M,0.87%
2018年4月13日,"24,360.14","24,582.82","24,646.45","24,243.74",331.89M,-0.50%
2018年4月12日,"24,483.05","24,302.82","24,592.12","24,302.82",336.13M,1.21%
2018年4月11日,"24,189.45","24,274.19","24,366.57","24,150.87",286.36M,-0.90%
2018年4月10日,"24,408.00","24,198.95","24,511.35","24,198.95",368.59M,1.79%
2018年4月9日,"23,979.10","24,037.52","24,373.18","23,954.83",380.79M,0.19%
2018年4月6日,"23,932.76","24,373.60","24,434.40","23,738.20",395.99M,-2.34%
2018年4月5日,"24,505.22","24,313.91","24,622.26","24,313.91",347.79M,0.99%
2018年4月4日,"24,264.30","23,654.15","24,308.96","23,523.16",388.54M,0.96%
2018年4月3日,"24,033.36","23,698.33","24,044.35","23,664.33",394.13M,1.65%
2018年4月2日,"23,644.19","24,076.60","24,123.80","23,344.52",509.82M,-1.90%
2018年3月29日,"24,103.11","23,949.18","24,314.30","23,928.13",463.55M,1.07%
2018年3月28日,"23,848.42","23,883.08","24,092.47","23,728.67",530.04M,-0.04%
2018年3月27日,"23,857.71","24,276.62","24,446.22","23,708.73",524.48M,-1.43%
2018年3月26日,"24,202.60","23,825.74","24,232.30","23,741.22",479.54M,2.84%
2018年3月23日,"23,533.20","23,995.18","24,108.47","23,509.06",482.55M,-1.77%
2018年3月22日,"23,957.89","24,526.01","24,526.01","23,938.74",439.28M,-2.93%
2018年3月21日,"24,682.31","24,723.49","24,977.65","24,655.40",343.23M,-0.18%
2018年3月20日,"24,727.27","24,650.64","24,803.61","24,650.64",342.51M,0.47%
2018年3月19日,"24,610.91","24,893.69","24,893.69","24,453.14",377.99M,-1.35%
2018年3月16日,"24,946.51","24,877.34","25,031.00","24,857.09",654.24M,0.29%
2018年3月15日,"24,873.66","24,837.29","25,053.87","24,753.29",316.31M,0.47%
2018年3月14日,"24,758.12","25,086.97","25,130.12","24,668.83",356.83M,-1.00%
2018年3月13日,"25,007.03","25,257.75","25,376.40","24,947.50",447.88M,-0.68%
2018年3月12日,"25,178.61","25,372.44","25,449.15","25,152.02",362.58M,-0.62%
2018年3月9日,"25,335.74","25,004.89","25,336.33","25,004.89",371.57M,1.77%
2018年3月8日,"24,895.21","24,853.41","24,950.49","24,703.05",327.30M,0.38%
2018年3月7日,"24,801.36","24,758.15","24,849.68","24,535.12",394.07M,-0.33%
2018年3月6日,"24,884.12","24,965.89","24,995.24","24,708.41",331.77M,0.04%
2018年3月5日,"24,874.76","24,471.31","24,961.00","24,387.15",383.91M,1.37%
2018年3月2日,"24,538.06","24,394.91","24,592.46","24,217.76",437.13M,-0.29%
2018年3月1日,"24,608.98","25,024.04","25,185.35","24,442.56",506.28M,-1.68%
2018年2月28日,"25,029.20","25,485.15","25,576.15","25,022.42",451.87M,-1.50%
2018年2月27日,"25,410.03","25,735.78","25,800.35","25,407.83",438.39M,-1.16%
2018年2月26日,"25,709.27","25,403.35","25,732.80","25,398.56",473.36M,1.58%
2018年2月23日,"25,309.99","25,050.51","25,313.91","25,028.73",335.42M,1.39%
2018年2月22日,"24,962.48","24,855.41","25,156.72","24,854.83",378.90M,0.66%
2018年2月21日,"24,797.78","24,988.06","25,267.99","24,792.99",456.07M,-0.67%
2018年2月20日,"24,964.75","25,124.91","25,179.01","24,884.19",421.51M,-1.01%
2018年2月16日,"25,219.38","25,165.94","25,432.42","25,149.26",406.73M,0.08%
2018年2月15日,"25,200.37","25,047.82","25,203.95","24,809.42",416.78M,1.23%
2018年2月14日,"24,893.49","24,535.82","24,925.95","24,490.36",431.16M,1.03%
2018年2月13日,"24,640.45","24,540.33","24,705.72","24,421.03",374.41M,0.16%
2018年2月12日,"24,601.27","24,337.76","24,765.16","24,290.48",496.61M,1.70%
2018年2月9日,"24,190.90","23,992.67","24,382.14","23,360.29",735.03M,1.38%
2018年2月8日,"23,860.46","24,902.30","24,903.68","23,849.23",657.50M,-4.15%
2018年2月7日,"24,893.35","24,892.87","25,293.96","24,785.44",504.62M,-0.08%
2018年2月6日,"24,912.77","24,085.17","24,946.23","23,778.74",823.94M,2.33%
2018年2月5日,"24,345.75","25,337.87","25,520.53","23,923.88",714.45M,-4.60%
2018年2月2日,"25,520.96","26,061.79","26,061.79","25,490.66",522.88M,-2.54%
2018年2月1日,"26,186.71","26,083.04","26,306.70","26,014.44",410.62M,0.14%
2018年1月31日,"26,149.39","26,268.17","26,338.03","26,050.98",479.13M,0.28%
2018年1月30日,"26,076.89","26,198.45","26,256.99","26,028.42",448.33M,-1.37%
2018年1月29日,"26,439.48","26,584.28","26,608.90","26,435.34",421.00M,-0.67%
2018年1月26日,"26,616.71","26,466.74","26,616.71","26,425.35",477.78M,0.85%
2018年1月25日,"26,392.79","26,313.06","26,458.25","26,259.72",401.39M,0.54%
2018年1月24日,"26,252.12","26,282.07","26,392.80","26,106.94",518.79M,0.16%
2018年1月23日,"26,210.81","26,214.87","26,246.19","26,143.90",433.49M,-0.01%
2018年1月22日,"26,214.60","26,025.32","26,215.23","25,974.65",431.20M,0.55%
2018年1月19日,"26,071.72","25,987.35","26,071.72","25,942.83",585.00M,0.21%
2018年1月18日,"26,017.81","26,149.55","26,153.42","25,947.32",492.78M,-0.37%
2018年1月17日,"26,115.65","25,910.78","26,130.45","25,865.02",522.72M,1.25%
2018年1月16日,"25,792.86","25,987.62","26,086.12","25,702.99",606.52M,-0.04%
2018年1月12日,"25,803.19","25,638.39","25,810.43","25,633.08",376.39M,0.89%
2018年1月11日,"25,574.73","25,398.60","25,575.42","25,396.19",346.83M,0.81%
2018年1月10日,"25,369.13","25,348.13","25,404.92","25,256.99",341.47M,-0.07%
2018年1月9日,"25,385.80","25,312.05","25,439.78","25,308.41",333.49M,0.41%
2018年1月8日,"25,283.00","25,308.40","25,311.99","25,235.41",341.39M,-0.05%
2018年1月5日,"25,295.87","25,114.92","25,299.79","25,112.01",358.02M,0.88%
2018年1月4日,"25,075.13","24,964.86","25,105.96","24,963.27",403.28M,0.61%
2018年1月3日,"24,922.68","24,850.45","24,941.92","24,825.55",456.79M,0.40%
2018年1月2日,"24,824.01","24,809.35","24,864.19","24,741.70",341.13M,0.42%
2017年12月29日,"24,719.22","24,849.63","24,871.66","24,719.22",270.76M,-0.48%
2017年12月28日,"24,837.51","24,807.21","24,839.23","24,797.13",200.96M,0.26%
2017年12月27日,"24,774.30","24,766.52","24,789.52","24,731.68",225.89M,0.11%
2017年12月26日,"24,746.21","24,715.84","24,778.13","24,708.42",208.29M,-0.03%
2017年12月22日,"24,754.06","24,764.04","24,784.15","24,717.51",255.14M,-0.11%
2017年12月21日,"24,782.29","24,778.26","24,850.91","24,766.27",339.53M,0.23%
2017年12月20日,"24,726.65","24,838.09","24,852.44","24,697.11",341.79M,-0.11%
2017年12月19日,"24,754.75","24,834.38","24,850.11","24,715.60",335.33M,-0.15%
2017年12月18日,"24,792.20","24,739.56","24,876.07","24,739.56",354.88M,0.57%
2017年12月15日,"24,651.74","24,585.71","24,688.62","24,584.44",635.74M,0.58%
2017年12月14日,"24,508.66","24,631.01","24,672.48","24,508.66",314.78M,-0.31%
2017年12月13日,"24,585.43","24,525.19","24,666.02","24,518.30",325.28M,0.33%
2017年12月12日,"24,504.80","24,452.96","24,552.97","24,443.83",342.22M,0.49%
2017年12月11日,"24,386.03","24,338.11","24,389.72","24,314.74",300.58M,0.23%
2017年12月8日,"24,329.16","24,263.26","24,330.12","24,225.50",293.59M,0.49%
2017年12月7日,"24,211.48","24,116.60","24,262.88","24,101.24",319.06M,0.29%
2017年12月6日,"24,140.91","24,157.85","24,229.19","24,134.49",312.72M,-0.16%
2017年12月5日,"24,180.64","24,335.01","24,349.74","24,155.28",371.19M,-0.45%
2017年12月4日,"24,290.05","24,424.11","24,534.04","24,288.19",424.25M,0.24%
2017年12月1日,"24,231.59","24,305.40","24,322.06","23,921.90",417.91M,-0.17%
2017年11月30日,"24,272.35","24,013.80","24,327.82","24,013.80",488.20M,1.39%
2017年11月29日,"23,940.68","23,883.26","23,959.76","23,872.59",401.41M,0.44%
2017年11月28日,"23,836.71","23,625.19","23,849.61","23,617.11",319.24M,1.09%
2017年11月27日,"23,580.78","23,552.86","23,638.92","23,545.02",296.32M,0.10%
2017年11月24日,"23,557.99","23,552.75","23,599.18","23,551.59",118.61M,0.14%
2017年11月22日,"23,526.18","23,597.24","23,605.77","23,507.61",268.76M,-0.27%
2017年11月21日,"23,590.83","23,500.15","23,617.80","23,500.15",329.65M,0.69%
2017年11月20日,"23,430.33","23,370.71","23,456.88","23,360.58",315.33M,0.31%
2017年11月17日,"23,358.24","23,433.77","23,433.77","23,356.01",386.00M,-0.43%
2017年11月16日,"23,458.36","23,365.34","23,492.19","23,365.34",402.02M,0.80%
2017年11月15日,"23,271.28","23,334.59","23,344.99","23,242.75",404.30M,-0.59%
2017年11月14日,"23,409.47","23,388.40","23,414.08","23,271.57",561.33M,-0.13%
2017年11月13日,"23,439.70","23,367.47","23,461.68","23,343.34",491.26M,0.07%
2017年11月10日,"23,422.21","23,432.71","23,452.20","23,392.96",351.28M,-0.17%
2017年11月9日,"23,461.94","23,492.09","23,516.74","23,310.02",305.44M,-0.43%
2017年11月8日,"23,563.36","23,542.60","23,575.00","23,510.56",264.67M,0.03%
2017年11月7日,"23,557.23","23,574.03","23,602.12","23,484.19",285.08M,0.04%
2017年11月6日,"23,548.42","23,533.96","23,574.86","23,520.75",325.19M,0.04%
2017年11月3日,"23,539.19","23,549.59","23,557.06","23,481.57",312.25M,0.10%
2017年11月2日,"23,516.26","23,463.24","23,531.38","23,350.98",348.04M,0.35%
2017年11月1日,"23,435.01","23,442.90","23,517.71","23,388.91",361.26M,0.25%
2017年10月31日,"23,377.24","23,369.22","23,406.35","23,334.39",388.05M,0.12%
2017年10月30日,"23,348.74","23,405.75","23,428.75","23,327.87",436.90M,-0.36%
2017年10月27日,"23,434.19","23,419.16","23,449.40","23,353.16",518.87M,0.14%
2017年10月26日,"23,400.86","23,380.89","23,459.84","23,380.89",370.60M,0.31%
2017年10月25日,"23,329.46","23,431.09","23,451.51","23,251.11",399.56M,-0.48%
2017年10月24日,"23,441.76","23,346.78","23,485.25","23,343.23",406.85M,0.72%
2017年10月23日,"23,273.96","23,348.95","23,368.37","23,273.96",456.83M,-0.23%
2017年10月20日,"23,328.63","23,205.18","23,328.84","23,201.78",474.38M,0.71%
2017年10月19日,"23,163.04","23,107.47","23,167.24","23,052.67",350.40M,0.02%
2017年10月18日,"23,157.60","23,087.13","23,172.93","23,086.75",271.87M,0.70%
2017年10月17日,"22,997.44","22,952.41","23,002.20","22,948.23",273.09M,0.18%
2017年10月16日,"22,956.96","22,892.92","22,960.12","22,887.12",247.18M,0.37%
2017年10月13日,"22,871.72","22,876.43","22,905.33","22,855.93",259.56M,0.13%
2017年10月12日,"22,841.01","22,854.85","22,884.82","22,821.13",291.79M,-0.14%
2017年10月11日,"22,872.89","22,827.65","22,872.89","22,821.66",316.00M,0.18%
2017年10月10日,"22,830.68","22,784.76","22,850.51","22,770.99",319.27M,0.31%
2017年10月9日,"22,761.07","22,779.73","22,803.37","22,739.38",310.77M,-0.06%
2017年10月6日,"22,773.67","22,762.03","22,773.67","22,730.85",221.45M,-0.01%
2017年10月5日,"22,775.39","22,669.08","22,777.04","22,655.14",246.40M,0.50%
2017年10月4日,"22,661.64","22,645.67","22,685.94","22,632.80",235.73M,0.09%
2017年10月3日,"22,641.67","22,564.45","22,646.32","22,562.90",238.83M,0.37%
2017年10月2日,"22,557.60","22,423.47","22,559.38","22,416.00",268.53M,0.68%
2017年9月29日,"22,405.09","22,358.47","22,405.63","22,332.96",274.79M,0.11%
2017年9月28日,"22,381.20","22,306.83","22,394.74","22,288.97",263.01M,0.18%
2017年9月27日,"22,340.71","22,330.93","22,371.10","22,254.93",342.90M,0.25%
2017年9月26日,"22,284.32","22,322.03","22,369.35","22,279.52",285.99M,-0.05%
2017年9月25日,"22,296.09","22,320.47","22,359.88","22,219.11",332.43M,-0.24%
2017年9月22日,"22,349.59","22,334.07","22,364.31","22,299.58",297.14M,-0.04%
2017年9月21日,"22,359.23","22,414.02","22,419.51","22,356.55",287.39M,-0.24%
2017年9月20日,"22,412.59","22,351.38","22,413.26","22,314.68",334.56M,0.19%
2017年9月19日,"22,370.80","22,349.70","22,386.01","22,340.71",295.57M,0.18%
2017年9月18日,"22,331.35","22,297.92","22,355.62","22,283.35",302.74M,0.28%
2017年9月15日,"22,268.34","22,252.44","22,275.02","22,214.52",527.54M,0.29%
2017年9月14日,"22,203.48","22,144.96","22,216.44","22,135.26",297.78M,0.20%
2017年9月13日,"22,158.18","22,103.47","22,158.18","22,095.79",291.89M,0.18%
2017年9月12日,"22,118.86","22,090.56","22,134.57","22,087.09",364.58M,0.28%
